{"system":{"id":"d1a6eab7-ddc3-4dd1-a17d-caf61735f991","rev":"d29d0c7","version":"2.33.3","date":"2020-05-11T04:59:56.940"},"optionSets":[{"created":"2016-03-24T16:17:23.251","lastUpdated":"2020-02-07T00:12:12.862","name":"CORE - Channel type(fixed/outreach)","id":"MUgshpKOUcA","publicAccess":"r-------","version":2,"valueType":"TEXT","lastUpdatedBy":{"id":"eme9LfVIBlm"},"user":{"id":"ILlKALpDtfb"},"userGroupAccesses":[],"attributeValues":[],"translations":[],"userAccesses":[],"options":[{"id":"CkWHtlJT82Y"},{"id":"bX2yHCkzY6O"}]},{"created":"2016-09-04T10:17:12.985","lastUpdated":"2020-02-07T00:12:23.477","name":"CORE - Cost to client (ES)","id":"sRgTKeb1aHC","publicAccess":"r-------","version":2,"valueType":"TEXT","lastUpdatedBy":{"id":"eme9LfVIBlm"},"user":{"id":"ILlKALpDtfb"},"userGroupAccesses":[],"attributeValues":[],"translations":[],"userAccesses":[],"options":[{"id":"cXwkVmNGQ7M"},{"id":"stReidbBrSK"},{"id":"plTpWzLeHLL"}]},{"created":"2013-03-11T19:18:18.182","lastUpdated":"2020-02-07T00:12:36.688","name":"CORE - Costo al cliente","id":"jQz0qNIEnmC","publicAccess":"r-------","version":2,"valueType":"TEXT","lastUpdatedBy":{"id":"eme9LfVIBlm"},"user":{"id":"eme9LfVIBlm"},"userGroupAccesses":[],"attributeValues":[],"translations":[{"property":"NAME","locale":"en","value":"CORE - Cost to client"},{"property":"NAME","locale":"es","value":"CORE - Costo al cliente"}],"userAccesses":[],"options":[{"id":"mqCRFcs30oQ"},{"id":"O10OHp0CfyU"},{"id":"pUd83TuR40p"}]},{"created":"2016-11-02T13:56:01.683","lastUpdated":"2020-02-07T00:12:50.633","name":"CORE - Discontinuation service","id":"MFPt8aC9Krf","publicAccess":"r-------","version":2,"valueType":"TEXT","lastUpdatedBy":{"id":"eme9LfVIBlm"},"user":{"id":"ILlKALpDtfb"},"userGroupAccesses":[],"attributeValues":[],"translations":[],"userAccesses":[],"options":[{"id":"hLaJl7jqx3H"},{"id":"bitxXkUYy13"}]},{"created":"2014-05-21T14:58:34.417","lastUpdated":"2020-02-07T00:13:01.999","name":"CORE - Employment Status","id":"mnAO9aAvwkn","publicAccess":"r-------","version":2,"valueType":"TEXT","lastUpdatedBy":{"id":"eme9LfVIBlm"},"user":{"id":"ILlKALpDtfb"},"userGroupAccesses":[],"attributeValues":[],"translations":[],"userAccesses":[],"options":[{"id":"Y2K9gEBO5B7"},{"id":"DEuxoQU2I7v"},{"id":"ob0YjAQrBPF"},{"id":"PCIO0StgkVE"},{"id":"Y1wbNZrmk7X"}]},{"created":"2014-05-24T09:03:24.457","lastUpdated":"2020-04-03T01:03:55.512","name":"CORE - Gender (M/F/T)","id":"JcrjFWShJTL","publicAccess":"rw------","version":6,"valueType":"TEXT","lastUpdatedBy":{"id":"ahghJySjYTf"},"user":{"id":"ahghJySjYTf"},"userGroupAccesses":[],"attributeValues":[],"translations":[{"property":"NAME","locale":"fr_NE","value":"CORE - Genre (M/F/T)"},{"property":"NAME","locale":"es","value":"CORE - Género"}],"userAccesses":[],"options":[{"id":"B6Kj6p6v7LV"},{"id":"U8agyAKYtuv"},{"id":"CZtCJNwusmS"}]},{"created":"2016-09-13T19:04:45.127","lastUpdated":"2020-02-07T00:13:19.132","name":"CORE - Horario de contacto","id":"othAZXhrqJV","publicAccess":"r-------","version":2,"valueType":"TEXT","lastUpdatedBy":{"id":"eme9LfVIBlm"},"user":{"id":"ILlKALpDtfb"},"userGroupAccesses":[],"attributeValues":[],"translations":[],"userAccesses":[],"options":[{"id":"bwtwU2WIxR6"},{"id":"plTENfGY7xM"},{"id":"ArV4mrM0iba"},{"id":"B5SBx6mqOcu"}]},{"created":"2014-05-21T14:57:56.266","lastUpdated":"2020-02-07T00:13:36.513","name":"CORE - Marital Status","id":"NQieWmhlq9b","publicAccess":"r-------","version":7,"valueType":"TEXT","lastUpdatedBy":{"id":"eme9LfVIBlm"},"user":{"id":"ILlKALpDtfb"},"userGroupAccesses":[],"attributeValues":[],"translations":[],"userAccesses":[],"options":[{"id":"hc6QsDZjUZC"},{"id":"LV0CIY9R6Ky"},{"id":"KwTmPQko5JU"},{"id":"rt5Y6vde8SI"},{"id":"fdYxe31BWXh"}]},{"created":"2015-10-16T10:58:34.424","lastUpdated":"2020-02-07T00:13:27.318","name":"CORE - MD Adoption Ladder Position","id":"XnGAw0boVoX","publicAccess":"r-------","version":2,"valueType":"TEXT","lastUpdatedBy":{"id":"eme9LfVIBlm"},"user":{"id":"eme9LfVIBlm"},"userGroupAccesses":[],"attributeValues":[],"translations":[],"userAccesses":[],"options":[{"id":"oxQJMvRaBId"},{"id":"WmEl1gVs14c"},{"id":"SZTXzKSecsO"},{"id":"BVWjngDzOaG"},{"id":"mvnc6XLwf5O"}]},{"created":"2014-10-21T04:52:05.887","lastUpdated":"2020-02-07T00:13:54.434","name":"CORE - Monthly Reporting Periods","id":"EVGzOPt4IKx","publicAccess":"r-------","version":16,"valueType":"TEXT","lastUpdatedBy":{"id":"eme9LfVIBlm"},"user":{"id":"eme9LfVIBlm"},"userGroupAccesses":[],"attributeValues":[],"translations":[],"userAccesses":[],"options":[{"id":"v5o2A5MWqHx"},{"id":"bXTeWvujBwd"},{"id":"QF12Gc9h3vI"},{"id":"VBw0WBuABuP"},{"id":"vJywfvnmfjD"},{"id":"e6n1fE8OHRY"},{"id":"LfF8jzcstbw"},{"id":"sage5wYjZg2"},{"id":"WG8GiruNgoZ"},{"id":"P16dTjH8x6N"},{"id":"wgnXn0xHTKK"},{"id":"TRf4P8hqU6B"},{"id":"pwUilozLiTJ"},{"id":"kEyAPikW3nd"},{"id":"VfGJE1Ssriu"},{"id":"jOcVxtTEy5V"},{"id":"PnqbGeXRciH"},{"id":"GAkdhVYhl4t"},{"id":"C5htApgE8pr"},{"id":"DWWlCxfGxFr"},{"id":"oZ1XU26YOy2"},{"id":"MIcHNLFlEKw"},{"id":"A3OEzMQ90TS"},{"id":"P3w3W1I2jvC"},{"id":"i9hnHU2SXko"},{"id":"Up8YhPnff9w"},{"id":"doVxgCp2ccT"},{"id":"GoAMvZclFfT"},{"id":"n79NGatRANi"},{"id":"uUCvWWJo2QQ"},{"id":"c0fc4Frpxt0"},{"id":"TxxCjFAcq1f"},{"id":"bHLv93ZeoEu"},{"id":"vVKDowUIBuH"},{"id":"okRdQBfbMFH"},{"id":"ZNrBwHjsLCV"},{"id":"pqjrg13SPW6"},{"id":"r2Aq62LVO8J"},{"id":"QGn6lrZ3uu9"},{"id":"TLBYUe0UKP1"},{"id":"cauVd6YGy11"},{"id":"N5BRAXlAhOc"},{"id":"flcIbeF1OKg"},{"id":"nODLwj9IL4F"},{"id":"DvQkkfZB9c1"},{"id":"DbMJZIgGcTo"},{"id":"l6L3xyEcmpp"},{"id":"SB2AGZzhTQ9"},{"id":"nWYFAehbBK2"},{"id":"I7i3953nCPF"},{"id":"EmecU9zbo2q"},{"id":"K8uT4GT4AIY"},{"id":"oGbWgbztDPE"},{"id":"RetUP8660OA"},{"id":"jveFTsE54HH"},{"id":"jBJHf2E3UVi"},{"id":"Nd7laoacuB5"},{"id":"UY3QqyBBpDw"},{"id":"KWQZzqutM6a"},{"id":"xBKNp4DCWSK"},{"id":"watJKzM13ix"},{"id":"DXGre1MEbMO"},{"id":"O5DZG6Hl6Sv"},{"id":"maFuAJanGj2"},{"id":"nRvQah4JAmj"},{"id":"pLNd8kSf9FH"},{"id":"sP8QiuA7cZw"},{"id":"SfrewAGtFBx"},{"id":"Ck4XVcdLgjz"},{"id":"GR6mZYdWo7w"},{"id":"HETfpBB4UtU"},{"id":"FLUhlQiO1UQ"},{"id":"DMLn7kdOU5S"},{"id":"saWepvvBzIM"},{"id":"M3KVovjVWvJ"},{"id":"BCSaIS3OEvt"},{"id":"jICLbf4of75"},{"id":"AGpHFa66xQ6"}]},{"created":"2014-09-22T03:51:35.176","lastUpdated":"2020-02-07T00:14:11.161","name":"CORE - Number of Living Children","id":"FLAGFhEmQyI","publicAccess":"r-------","version":2,"valueType":"TEXT","lastUpdatedBy":{"id":"eme9LfVIBlm"},"user":{"id":"ILlKALpDtfb"},"userGroupAccesses":[],"attributeValues":[],"translations":[],"userAccesses":[],"options":[{"id":"hPZGuJ57ori"},{"id":"d5btCjjI1rY"},{"id":"qc6bbcfvMaI"},{"id":"S1DW16QTC9w"}]},{"created":"2013-11-29T15:12:58.593","lastUpdated":"2020-04-03T01:03:55.512","name":"CORE - Positive / Negative","id":"eVBihywHBmP","publicAccess":"rw------","version":3,"valueType":"TEXT","lastUpdatedBy":{"id":"ahghJySjYTf"},"user":{"id":"ahghJySjYTf"},"userGroupAccesses":[],"attributeValues":[],"translations":[{"property":"NAME","locale":"es","value":"CORE - Positivo / Negativo"}],"userAccesses":[],"options":[{"id":"WHvPYVqNx5E"},{"id":"Alzi1xrf7IJ"}]},{"created":"2019-01-12T19:20:40.683","lastUpdated":"2020-02-07T00:14:30.866","name":"CORE - Positive / Negative / Indeterminate","id":"pURQnAwosm3","publicAccess":"r-------","version":2,"valueType":"TEXT","lastUpdatedBy":{"id":"eme9LfVIBlm"},"user":{"id":"eme9LfVIBlm"},"userGroupAccesses":[],"attributeValues":[],"translations":[{"property":"NAME","locale":"es","value":"CORE - Resultado de prueba de VIH"}],"userAccesses":[],"options":[{"id":"vngtqGGqiDp"},{"id":"jjNNjpVsx9C"},{"id":"ePlTUOEmUwh"}]},{"code":"CORE_Test_PNU","created":"2016-10-05T14:06:01.006","lastUpdated":"2020-02-07T00:14:52.586","name":"CORE - Positive / Negative / Unknown","id":"pXbKUinPWMh","publicAccess":"r-------","version":3,"valueType":"TEXT","lastUpdatedBy":{"id":"eme9LfVIBlm"},"user":{"id":"ILlKALpDtfb"},"userGroupAccesses":[],"attributeValues":[],"translations":[],"userAccesses":[],"options":[{"id":"WNp3WbBwXeF"},{"id":"mSKh3nYdXHU"},{"id":"aD1IVl69UpG"}]},{"created":"2014-01-13T13:12:21.815","lastUpdated":"2020-02-07T00:15:03.007","name":"CORE - Product Source","id":"y2ZANF8gZBC","publicAccess":"r-------","version":2,"valueType":"TEXT","lastUpdatedBy":{"id":"eme9LfVIBlm"},"user":{"id":"eme9LfVIBlm"},"userGroupAccesses":[],"attributeValues":[],"translations":[],"userAccesses":[],"options":[{"id":"k5nI1disznY"},{"id":"LRMxIvwOjND"}]},{"code":"CORE_1_TO_10","created":"2016-06-29T14:23:24.449","lastUpdated":"2020-02-07T00:15:14.960","name":"CORE - Scale 1 to 10","id":"CgaVDsYjAVm","publicAccess":"r-------","version":2,"valueType":"INTEGER_POSITIVE","lastUpdatedBy":{"id":"eme9LfVIBlm"},"user":{"id":"ILlKALpDtfb"},"userGroupAccesses":[],"attributeValues":[],"translations":[],"userAccesses":[],"options":[{"id":"CYcOlvgga8j"},{"id":"BwFDYADyaIg"},{"id":"yqgBpD9Sm4d"},{"id":"jDJf7zUzcXd"},{"id":"GX15pRYbC4u"},{"id":"g9Jx1bUyHtp"},{"id":"ZSh4wD4c23B"},{"id":"GDYk4xHtvEg"},{"id":"cVYF8mcJpnX"},{"id":"A35xjF8WCn1"}]},{"created":"2014-01-13T08:02:58.116","lastUpdated":"2020-04-03T01:03:55.512","name":"CORE - Sex (Male/Female)","id":"TKECf3zs7zi","publicAccess":"rw------","version":4,"valueType":"TEXT","lastUpdatedBy":{"id":"ahghJySjYTf"},"user":{"id":"ahghJySjYTf"},"userGroupAccesses":[],"attributeValues":[],"translations":[{"property":"NAME","locale":"fr_NE","value":"CORE - Sexe (M/F)"},{"property":"NAME","locale":"pt","value":"CORE - Sexo"},{"property":"NAME","locale":"es","value":"CORE - Sexo"}],"userAccesses":[],"options":[{"id":"dsr9smYmHJu"},{"id":"pflJcbYuV8r"}]},{"created":"2016-06-29T13:58:05.484","lastUpdated":"2020-02-07T00:15:36.559","name":"CORE - Si / No / A veces / No sabe","id":"JXYRiwNYqbt","publicAccess":"r-------","version":2,"valueType":"TEXT","lastUpdatedBy":{"id":"eme9LfVIBlm"},"user":{"id":"ILlKALpDtfb"},"userGroupAccesses":[],"attributeValues":[],"translations":[],"userAccesses":[],"options":[{"id":"z4ZLh7NCGfJ"},{"id":"a6DyEZdwnJt"},{"id":"fpz7M3qJiN4"},{"id":"IDNz4gOTqMP"}]},{"created":"2016-06-28T20:19:19.546","lastUpdated":"2020-02-07T00:15:46.815","name":"CORE - Si / No / No Sabe","id":"Yyc7LokDwBh","publicAccess":"r-------","version":2,"valueType":"TEXT","lastUpdatedBy":{"id":"eme9LfVIBlm"},"user":{"id":"ILlKALpDtfb"},"userGroupAccesses":[],"attributeValues":[],"translations":[],"userAccesses":[],"options":[{"id":"C5OLpFnq2Bm"},{"id":"lH7MrxD3DD2"},{"id":"jC0jqAKhbmk"}]},{"created":"2015-06-23T18:34:31.629","lastUpdated":"2020-02-07T00:15:56.205","name":"CORE - Test Result Pos/Neg","id":"pyznEJEhzFN","publicAccess":"r-------","version":2,"valueType":"TEXT","lastUpdatedBy":{"id":"eme9LfVIBlm"},"user":{"id":"eme9LfVIBlm"},"userGroupAccesses":[],"attributeValues":[],"translations":[],"userAccesses":[],"options":[{"id":"kZdOImLAMJm"},{"id":"f6MD9iqNF2s"}]},{"code":"time_1h","created":"2016-08-26T16:47:29.701","lastUpdated":"2020-02-07T00:16:08.167","name":"CORE - Time (1 hour segments)","id":"lbtgBvBrcz6","publicAccess":"r-------","version":2,"valueType":"TEXT","lastUpdatedBy":{"id":"eme9LfVIBlm"},"user":{"id":"ILlKALpDtfb"},"userGroupAccesses":[],"attributeValues":[],"translations":[],"userAccesses":[],"options":[{"id":"uy7bPJ9i0Iw"},{"id":"sEJYaK02nlt"},{"id":"fuWluv8fQRf"},{"id":"CovumxASLlA"},{"id":"HtPWXbhU1GE"},{"id":"VhHvxVLqwhL"},{"id":"oOwU481nucN"},{"id":"Cs1HMxgzHru"},{"id":"hkUKTxstVUr"},{"id":"YERbbvsSj1j"},{"id":"dFFmZEwIvGt"},{"id":"oBJiFlkelCl"},{"id":"QO2DvQJZQz0"},{"id":"X68Kpw8CzDP"},{"id":"ejdyraMH6vH"},{"id":"dsrmW8VujgM"},{"id":"RRVM67oypoh"},{"id":"i2WAqpfrETZ"},{"id":"W4dI49ErIUN"},{"id":"SPfsm7AppmU"},{"id":"esaAltnxQdi"},{"id":"aflEzek9uLm"},{"id":"yK0FzciRpgk"},{"id":"JLkUtL9yCsM"}]},{"code":"CORE_Time30","created":"2016-08-24T16:57:20.160","lastUpdated":"2020-02-07T00:16:18.424","name":"CORE - Time (30 minute segments)","id":"fsz5kpnGiJG","publicAccess":"r-------","version":1,"valueType":"TEXT","lastUpdatedBy":{"id":"eme9LfVIBlm"},"user":{"id":"ILlKALpDtfb"},"userGroupAccesses":[],"attributeValues":[],"translations":[],"userAccesses":[],"options":[{"id":"vL1a9didCju"},{"id":"gp2zIz2gHZ7"},{"id":"M0dMjabBi8s"},{"id":"DKoDAJoske3"},{"id":"eH5c7clZPhI"},{"id":"jnrYjx3QYLi"},{"id":"sHTnCYFnfU2"},{"id":"JezkpiKF7vx"},{"id":"ySi9EPvPxQF"},{"id":"GGizBzAuE97"},{"id":"N1RuGjVEpmh"},{"id":"dc0wBcPq9X0"},{"id":"FK4ZkG6C4hU"},{"id":"BuxHKpocNVo"},{"id":"B3FeVziNoZU"},{"id":"hgkJdAdBypB"},{"id":"iQNRilvQ62U"},{"id":"QRLUpRYQnLL"},{"id":"f7fjKo84XUY"},{"id":"bOkWTXeZAay"},{"id":"uN2mtNrgOlW"},{"id":"hNIbDNWmgfk"},{"id":"pYC6K7yxnPU"},{"id":"d1o3T0vbs5b"},{"id":"KUmUQIdwGnK"},{"id":"TokTrKwyOCn"},{"id":"DuAgDd44o4E"},{"id":"qJ4ApaY3V7s"},{"id":"lnbOrOQgbtG"},{"id":"xAwlgv2rVEw"},{"id":"fG774PZBmbU"},{"id":"jlx2tSfGUn6"},{"id":"b0iXKsGBzwQ"},{"id":"mwsBFcGGBPl"},{"id":"zqNnsgmqsZb"},{"id":"oedD7Nvg0K9"},{"id":"n4X7KeL88Kk"},{"id":"TyEH0RJR7Ga"},{"id":"a7hX1FcJQ8V"},{"id":"lRxaMB47J42"},{"id":"qMmH5oCxNSw"},{"id":"sIcL66DiU6s"},{"id":"IaQj2DuOliS"},{"id":"e4L47wo4phj"},{"id":"b7vtsJbizN4"},{"id":"ZTJlfF0aKpC"},{"id":"XD5qWaewLjI"},{"id":"HAbdX68rSie"}]},{"created":"2014-01-18T01:42:50.752","lastUpdated":"2020-02-07T00:16:26.572","name":"CORE - Tipo de APA","id":"S69oBOdiY3X","publicAccess":"r-------","version":2,"valueType":"TEXT","lastUpdatedBy":{"id":"eme9LfVIBlm"},"user":{"id":"ILlKALpDtfb"},"userGroupAccesses":[],"attributeValues":[],"translations":[],"userAccesses":[],"options":[{"id":"LEnXALS3Pw2"},{"id":"wzHaTlnYpM9"},{"id":"EFMKOK6iQeI"}]},{"created":"2014-01-18T01:45:07.961","lastUpdated":"2020-02-07T00:16:44.948","name":"CORE - Tipo de evento adverso","id":"NcCoUlWtKvF","publicAccess":"r-------","version":2,"valueType":"TEXT","lastUpdatedBy":{"id":"eme9LfVIBlm"},"user":{"id":"ILlKALpDtfb"},"userGroupAccesses":[],"attributeValues":[],"translations":[],"userAccesses":[],"options":[{"id":"XxeoGorWlBE"},{"id":"v0y8QKBIR2E"},{"id":"Me5JwyJlSON"},{"id":"eTxwxY1cqoD"}]},{"created":"2013-03-11T19:35:05.147","lastUpdated":"2020-02-07T00:16:35.208","name":"CORE - Tipo de Usuaria","id":"J1jpOrTkgUr","publicAccess":"r-------","version":2,"valueType":"TEXT","lastUpdatedBy":{"id":"eme9LfVIBlm"},"user":{"id":"eme9LfVIBlm"},"userGroupAccesses":[],"attributeValues":[],"translations":[],"userAccesses":[],"options":[{"id":"v9v7DueZkA3"},{"id":"P2Zo5oqoy6C"},{"id":"ntOeNeIRxgt"},{"id":"LwanQg6Qwtm"},{"id":"NzpgPrKUOyP"},{"id":"ZwrkLBzmkJr"},{"id":"m72VcxdRXCl"}]},{"created":"2019-01-12T19:20:40.682","lastUpdated":"2020-02-07T00:16:53.110","name":"CORE - Yes / No","id":"HAQAYjL6Cxt","publicAccess":"r-------","version":2,"valueType":"TEXT","lastUpdatedBy":{"id":"eme9LfVIBlm"},"user":{"id":"eme9LfVIBlm"},"userGroupAccesses":[],"attributeValues":[],"translations":[{"property":"NAME","locale":"fr","value":"CORE - Oui/Non"},{"property":"NAME","locale":"fr","value":"CORE - Oui / Non"}],"userAccesses":[],"options":[{"id":"xAvtyVh2Tml"},{"id":"Z7ABUPDwuJu"}]},{"created":"2017-08-20T23:01:23.335","lastUpdated":"2020-02-07T00:17:00.922","name":"CORE - Yes(1)/No(0)","id":"MCZNxF1F1QQ","publicAccess":"r-------","version":1,"valueType":"INTEGER","lastUpdatedBy":{"id":"eme9LfVIBlm"},"user":{"id":"eme9LfVIBlm"},"userGroupAccesses":[],"attributeValues":[],"translations":[],"userAccesses":[],"options":[{"id":"xZ8LV5cz9oy"},{"id":"cs3xY13pRSS"}]},{"created":"2019-05-23T18:17:07.931","lastUpdated":"2020-04-06T00:06:04.170","name":"HNQIS Assessment type","id":"l3P19n9icfB","publicAccess":"--------","version":5,"valueType":"TEXT","lastUpdatedBy":{"id":"ahghJySjYTf"},"user":{"id":"M5zQapPyTZI"},"userGroupAccesses":[{"access":"rw------","userGroupUid":"Vmy48HJTFHL","displayName":"HNQIS- Users","id":"Vmy48HJTFHL"},{"access":"rw------","userGroupUid":"iVyp3KHezcf","displayName":"HNQIS- Admin","id":"iVyp3KHezcf"}],"attributeValues":[],"translations":[],"userAccesses":[],"options":[{"id":"DQ6Kttt9V2b"},{"id":"rtzalgA0Ztm"}]},{"created":"2017-04-05T09:52:49.265","lastUpdated":"2020-04-03T23:30:27.008","name":"LS - Birth Order","id":"JCXrT88heOE","publicAccess":"--------","version":2,"valueType":"TEXT","lastUpdatedBy":{"id":"ahghJySjYTf"},"user":{"id":"ahghJySjYTf"},"userGroupAccesses":[{"access":"rw------","userGroupUid":"RvzV8Uc1JGE","displayName":"LS - Admin","id":"RvzV8Uc1JGE"}],"attributeValues":[],"translations":[],"userAccesses":[],"options":[{"id":"eX4LP4hIjPi"},{"id":"dGq3EyjNnJc"},{"id":"GBTBdB2pTCb"},{"id":"ykrYJWgwxtM"},{"id":"exv6IPIFJUL"},{"id":"R7Urttyh2Df"},{"id":"r1a2ztvQnva"},{"id":"AOzSF3ojJnL"},{"id":"yFgtI8BFJvx"},{"id":"coYbqOKAgFs"},{"id":"se5myANoieC"},{"id":"hoYo62OAQc5"},{"id":"rcAql40WRza"}]},{"created":"2016-12-03T16:10:33.998","lastUpdated":"2020-04-03T23:30:27.008","name":"LS - Channel","id":"Py83QNpa56U","publicAccess":"--------","version":2,"valueType":"TEXT","lastUpdatedBy":{"id":"ahghJySjYTf"},"user":{"id":"ahghJySjYTf"},"userGroupAccesses":[{"access":"rw------","userGroupUid":"RvzV8Uc1JGE","displayName":"LS - Admin","id":"RvzV8Uc1JGE"}],"attributeValues":[],"translations":[],"userAccesses":[],"options":[{"id":"FSqemo2GsRL"},{"id":"ICqmBG1amZM"},{"id":"VtVKtSytVUd"},{"id":"AmRILQiwiik"},{"id":"RFcd4Yn169v"},{"id":"R3Y6ZIatNKD"}]},{"created":"2016-12-03T16:10:33.998","lastUpdated":"2020-04-03T23:30:27.008","name":"LS - Channel of Identification","id":"vef7yqQlp5j","publicAccess":"--------","version":2,"valueType":"TEXT","lastUpdatedBy":{"id":"ahghJySjYTf"},"user":{"id":"ahghJySjYTf"},"userGroupAccesses":[{"access":"rw------","userGroupUid":"RvzV8Uc1JGE","displayName":"LS - Admin","id":"RvzV8Uc1JGE"}],"attributeValues":[],"translations":[],"userAccesses":[],"options":[{"id":"cobFfc4VeeC"},{"id":"FpknNGLCjS6"},{"id":"OL2EGVtCUdO"},{"id":"VgB0W1tO6wo"},{"id":"mk0CvCNXEMQ"}]},{"created":"2016-12-03T16:10:33.997","lastUpdated":"2020-04-03T23:30:27.008","name":"LS - Client Type","id":"HjfNGiHZsFg","publicAccess":"--------","version":2,"valueType":"TEXT","lastUpdatedBy":{"id":"ahghJySjYTf"},"user":{"id":"ahghJySjYTf"},"userGroupAccesses":[{"access":"rw------","userGroupUid":"RvzV8Uc1JGE","displayName":"LS - Admin","id":"RvzV8Uc1JGE"}],"attributeValues":[],"translations":[],"userAccesses":[],"options":[{"id":"vz228ombI8r"},{"id":"VTZzQ1clo3J"},{"id":"OXdihdthT8n"}]},{"created":"2020-04-14T05:33:28.679","lastUpdated":"2020-04-14T05:36:06.486","name":"LS - Client Type2","id":"Eobve8Pr02m","publicAccess":"rw------","version":2,"valueType":"TEXT","lastUpdatedBy":{"id":"ahghJySjYTf"},"user":{"id":"ahghJySjYTf"},"userGroupAccesses":[],"attributeValues":[],"translations":[],"userAccesses":[],"options":[{"id":"EC2fUgjkdSI"},{"id":"vJNFURp5R36"}]},{"created":"2017-05-08T15:52:52.731","lastUpdated":"2020-04-03T23:30:27.009","name":"LS - Contact outcome","id":"qSjXvp1f6JE","publicAccess":"--------","version":2,"valueType":"TEXT","lastUpdatedBy":{"id":"ahghJySjYTf"},"user":{"id":"ahghJySjYTf"},"userGroupAccesses":[{"access":"rw------","userGroupUid":"RvzV8Uc1JGE","displayName":"LS - Admin","id":"RvzV8Uc1JGE"}],"attributeValues":[],"translations":[],"userAccesses":[],"options":[{"id":"NvaUnTCj0x3"},{"id":"Iw6YbBhXTcR"},{"id":"WQwdoTuJfTZ"},{"id":"Z67jm9T4u5Z"},{"id":"x5CuFZ1o5VW"},{"id":"oFN21HHBQEB"}]},{"created":"2017-05-08T15:51:33.417","lastUpdated":"2020-04-03T23:30:27.009","name":"LS - Contact type","id":"z908L8qNdWJ","publicAccess":"--------","version":2,"valueType":"TEXT","lastUpdatedBy":{"id":"ahghJySjYTf"},"user":{"id":"ahghJySjYTf"},"userGroupAccesses":[{"access":"rw------","userGroupUid":"RvzV8Uc1JGE","displayName":"LS - Admin","id":"RvzV8Uc1JGE"}],"attributeValues":[],"translations":[],"userAccesses":[],"options":[{"id":"oOIFOXJwDcj"},{"id":"h8VCxjkOKwf"},{"id":"qzBMdekUZg5"},{"id":"TbBUrV4p8tS"}]},{"code":"Councils","created":"2017-06-04T19:54:08.954","lastUpdated":"2020-04-03T23:30:27.009","name":"LS - Councils","id":"lBe8SEycwQV","publicAccess":"--------","version":2,"valueType":"TEXT","lastUpdatedBy":{"id":"ahghJySjYTf"},"user":{"id":"ahghJySjYTf"},"userGroupAccesses":[{"access":"rw------","userGroupUid":"RvzV8Uc1JGE","displayName":"LS - Admin","id":"RvzV8Uc1JGE"}],"attributeValues":[],"translations":[],"userAccesses":[],"options":[{"id":"QSnVCT9KdGZ"},{"id":"Va1SDZV8cCf"},{"id":"A7gUi7vwwml"},{"id":"lVzziwfYjIP"},{"id":"Umu4TYny83q"},{"id":"rJiD8KzzvxA"},{"id":"I0VcfXicsH3"},{"id":"ips7A8jUQMG"},{"id":"w9sEJ18H6M3"},{"id":"XRCqpHSiJLg"},{"id":"geeT9Q1O4yf"},{"id":"z1Yl1F39Hun"},{"id":"zz5zcPiHd07"},{"id":"slJspsfoEay"},{"id":"AzpIBQP4ecC"},{"id":"mZQAxSS1z1H"},{"id":"GAJHpchCEkt"},{"id":"SORSO5TxR9R"},{"id":"Fs5BtopisWB"},{"id":"FX0jzCxmv1H"},{"id":"G4kItq75ev7"},{"id":"KcTlEPuHLUc"},{"id":"XrzGxxTPhcS"},{"id":"p492QqkUG1A"},{"id":"Bd6EmNCTp4o"},{"id":"BxEGDjRBpCv"},{"id":"Kkq0OErf4t4"},{"id":"VgK5DPDTANA"},{"id":"dzR1vNaRiH3"},{"id":"cK0YUkrRlZ9"},{"id":"BiwI10zeG8C"},{"id":"haiL7qRa5px"},{"id":"W2skLkySDub"},{"id":"eIioZr2pKy4"},{"id":"p9UyxkJTIlJ"},{"id":"wMPcGPpmQ0h"},{"id":"CZDbjvLVltE"},{"id":"Bghu6jccCmV"},{"id":"dX57D4KsDTB"},{"id":"rLsx27reSCE"},{"id":"q6WfOSoHvcZ"},{"id":"Pbs1aLiFVpI"},{"id":"jdcDB1jnoix"},{"id":"maOq94ocvbG"},{"id":"xGWl7u8mbfr"},{"id":"sIc1jaFh3j5"},{"id":"qCiWWlqTZjn"},{"id":"qSLP4WMbZkR"},{"id":"fF8V7MJIe11"},{"id":"dLPhPd3OFss"},{"id":"GyCrHqzpu3e"},{"id":"UeBSXpfqxdZ"},{"id":"XGtPhh8bK9S"},{"id":"z7hwDg2TRvC"},{"id":"WK4PKaX9GMN"},{"id":"ob9xnPYz8Tj"},{"id":"IAk97dmcYCw"},{"id":"EQ5gtW0vNPj"},{"id":"OMcGXNKm19Q"},{"id":"c8U9IsxXM41"},{"id":"BCYPmfsKSXJ"},{"id":"EyuN9lysTyX"},{"id":"UHUeu2V4DPg"},{"id":"Gle9ohV17u4"},{"id":"DhNLRqJoYs7"},{"id":"ejlSe3wKPd5"},{"id":"MP1zVgZelGR"},{"id":"VbBuHG9cnOk"},{"id":"TPTpgpyvDh3"},{"id":"TdeaaED3vGD"},{"id":"F9JPlUgdFKZ"},{"id":"UxU60ABktnT"},{"id":"KlfajqbStPb"},{"id":"oMidiEyF7Pe"},{"id":"pbGE61H74id"},{"id":"XrnGdKoTi8s"},{"id":"sxN26fq9Nae"},{"id":"EYP1k1JCfD2"}]},{"created":"2017-06-12T14:52:42.549","lastUpdated":"2020-04-03T23:30:27.009","name":"LS - Couple Status","id":"aSe23RtTxj3","publicAccess":"--------","version":2,"valueType":"TEXT","lastUpdatedBy":{"id":"ahghJySjYTf"},"user":{"id":"ahghJySjYTf"},"userGroupAccesses":[{"access":"rw------","userGroupUid":"RvzV8Uc1JGE","displayName":"LS - Admin","id":"RvzV8Uc1JGE"}],"attributeValues":[],"translations":[],"userAccesses":[],"options":[{"id":"oRjuPK5LOUU"},{"id":"xEUNYbZm43p"},{"id":"Ok08UXdmHbl"},{"id":"ESWBaIDJqW7"}]},{"created":"2018-10-04T12:12:31.455","lastUpdated":"2020-04-03T23:30:27.009","name":"LS - Current HIV test type","id":"k9Mvc1W63v1","publicAccess":"--------","version":3,"valueType":"TEXT","lastUpdatedBy":{"id":"ahghJySjYTf"},"user":{"id":"ahghJySjYTf"},"userGroupAccesses":[{"access":"rw------","userGroupUid":"RvzV8Uc1JGE","displayName":"LS - Admin","id":"RvzV8Uc1JGE"}],"attributeValues":[],"translations":[],"userAccesses":[],"options":[{"id":"JOFhZvzW1xc"},{"id":"NrYLEiJXtEp"}]},{"code":"Districts","created":"2016-12-05T18:40:18.689","lastUpdated":"2020-04-03T23:30:27.009","name":"LS - Districts","id":"LofSGLWMJnX","publicAccess":"--------","version":2,"valueType":"TEXT","lastUpdatedBy":{"id":"ahghJySjYTf"},"user":{"id":"ahghJySjYTf"},"userGroupAccesses":[{"access":"rw------","userGroupUid":"RvzV8Uc1JGE","displayName":"LS - Admin","id":"RvzV8Uc1JGE"}],"attributeValues":[],"translations":[],"userAccesses":[],"options":[{"id":"AUuPcjodlm1"},{"id":"ZfaiHN9KItl"},{"id":"S8QKnIiuXSX"},{"id":"iUyWL2xRyU0"},{"id":"C8r92s1O7PE"},{"id":"pMUmK04Pxts"},{"id":"hfp7K951N3h"},{"id":"JRHbgcRPncx"},{"id":"CxZa8Hi5ehn"},{"id":"ct0nN2GSLsd"},{"id":"UUnlhqlGfyH"},{"id":"EtUjVJAisw2"}]},{"created":"2018-03-31T21:55:32.778","lastUpdated":"2020-04-03T23:30:27.009","name":"LS - Districts (v2)","id":"TCrqvyMDqRE","publicAccess":"--------","version":7,"valueType":"TEXT","lastUpdatedBy":{"id":"ahghJySjYTf"},"user":{"id":"ahghJySjYTf"},"userGroupAccesses":[{"access":"rw------","userGroupUid":"RvzV8Uc1JGE","displayName":"LS - Admin","id":"RvzV8Uc1JGE"}],"attributeValues":[],"translations":[],"userAccesses":[],"options":[{"id":"W6V8OJyHvP8"},{"id":"ujGidb1LZ5g"},{"id":"doufABo7GQo"},{"id":"sLFjTgkEyyu"},{"id":"ZnRqlyPpSXq"},{"id":"OKVORAACgU7"},{"id":"pKKsOC86AQz"},{"id":"XQTolnXctwl"},{"id":"sOaVX5lZGOI"},{"id":"DTxjrpn6rmI"},{"id":"MrHrqLbqvi2"},{"id":"v2lXUpfDPiq"}]},{"created":"2016-12-03T16:10:33.997","lastUpdated":"2020-04-03T23:30:27.009","name":"LS - Education level","id":"rtR6YAT2KEi","publicAccess":"--------","version":2,"valueType":"TEXT","lastUpdatedBy":{"id":"ahghJySjYTf"},"user":{"id":"ahghJySjYTf"},"userGroupAccesses":[{"access":"rw------","userGroupUid":"RvzV8Uc1JGE","displayName":"LS - Admin","id":"RvzV8Uc1JGE"}],"attributeValues":[],"translations":[],"userAccesses":[],"options":[{"id":"xgriKHLPHOk"},{"id":"xkYn8Z1KwWj"},{"id":"lyfTrEuVKEf"},{"id":"P2AgwUGfi5V"}]},{"created":"2016-12-03T16:10:33.998","lastUpdated":"2020-04-03T23:30:27.009","name":"LS - Employment","id":"r9VJu6megVV","publicAccess":"--------","version":2,"valueType":"TEXT","lastUpdatedBy":{"id":"ahghJySjYTf"},"user":{"id":"ahghJySjYTf"},"userGroupAccesses":[{"access":"rw------","userGroupUid":"RvzV8Uc1JGE","displayName":"LS - Admin","id":"RvzV8Uc1JGE"}],"attributeValues":[],"translations":[],"userAccesses":[],"options":[{"id":"rbOmJpfNTep"},{"id":"oOfPfoqTOKD"},{"id":"aE5EKBPNNEU"}]},{"code":"HealthFacility","created":"2017-06-04T20:20:44.488","lastUpdated":"2020-04-03T23:30:27.010","name":"LS - Health Facility","id":"KsjTWR0iBKL","publicAccess":"--------","version":2,"valueType":"TEXT","lastUpdatedBy":{"id":"ahghJySjYTf"},"user":{"id":"ahghJySjYTf"},"userGroupAccesses":[{"access":"rw------","userGroupUid":"RvzV8Uc1JGE","displayName":"LS - Admin","id":"RvzV8Uc1JGE"}],"attributeValues":[],"translations":[],"userAccesses":[],"options":[{"id":"TafYL3lJU26"},{"id":"D6qvxPuzoRW"},{"id":"P1XShWSJV5t"},{"id":"l3hiDrKpVdH"},{"id":"JVZoUdeBcAg"},{"id":"E1aYEEdlFIV"},{"id":"csrZ4d06Ecf"},{"id":"VNAohA6Dnsh"},{"id":"pgxbLzNt5J6"},{"id":"xFyrAPVlag7"},{"id":"Dr1T4BQnMye"},{"id":"DS9nRNg3ixW"},{"id":"HKnoQh7SXHN"},{"id":"YNFa45B4Z4l"},{"id":"e7QUeKlexOt"},{"id":"vnlSLRg5azc"},{"id":"Mp4I7MFgeTt"},{"id":"lBGvxNAf0WC"},{"id":"lzPwHTHtPYN"},{"id":"VaMqzQ2a0Cf"},{"id":"pSNukM7nrJR"},{"id":"UpvpZ1mxzWh"},{"id":"zc20hVIQhcp"},{"id":"Zd6FByf1HwU"},{"id":"p891MaLteYt"},{"id":"SNm9FdpnuG2"},{"id":"RTvWU7LZkaP"},{"id":"TrmA8mZnwxJ"},{"id":"S2mziv9xoVh"},{"id":"TPCKPJ3LdWo"},{"id":"RQ7eJYsScGa"},{"id":"bABE1ofTZoO"},{"id":"DxumgMzl5Re"},{"id":"wsKNH9Js3Ad"},{"id":"y5wwCfVPrPV"},{"id":"bp8JNTY3FsG"},{"id":"X9ZvAwKrVlx"},{"id":"ZTA7mz2WhzF"},{"id":"nBiPIq9J51y"},{"id":"V4pvPxn5y8U"},{"id":"yrLrmyyZRph"},{"id":"OI53gK9FMiU"},{"id":"fVW5tyleNIo"},{"id":"la5rLaHPrIs"},{"id":"BHJxczvXm6g"},{"id":"lO5XIovZ0nX"},{"id":"qID3ocY0HjM"},{"id":"iGm7fmIGkyX"},{"id":"hMLOwbsqyLz"},{"id":"C0FiWFpycJF"},{"id":"sbxHu1Obtay"},{"id":"lY3XqvuVAGS"},{"id":"Aed2XqQny3Q"},{"id":"ThIZmICx8Tk"},{"id":"dUWdrfAiV2y"},{"id":"Qr2XGDuonbb"},{"id":"stLTYfWFn7s"},{"id":"GEoZ8RNfg39"},{"id":"OA1GJzlyXqs"},{"id":"kNsx5qvEkhb"},{"id":"ByFYtGOR9TK"},{"id":"PVb6Z2sCKOw"},{"id":"WbsLGW4xTBs"},{"id":"QVMi6ZCsptd"},{"id":"lNfMdlhESU2"},{"id":"tI4O7Iuk3Nm"},{"id":"Z3i6oCTd4Zc"},{"id":"wxDSnv9Eme5"},{"id":"rRt7baEKzdM"},{"id":"tUTeJUk6Wtr"},{"id":"Rmp6NMcHy8w"},{"id":"F0mIDCaIfVu"},{"id":"yw6trrOCyRO"},{"id":"I7vEA1jRSsA"},{"id":"B2nUkHT0wHt"},{"id":"EYi7bNFprpa"},{"id":"ABLoNCBZVDd"},{"id":"IjioH9m1Kou"},{"id":"Aja74zsEaTd"},{"id":"xq5eZBzFLtX"},{"id":"GDnN0McUeqF"},{"id":"DJXZwe9g8KH"},{"id":"ER3l8YIDcl6"},{"id":"ijBnVXCYvQr"},{"id":"OQphPOYB93w"},{"id":"wFCCrhNw2ro"},{"id":"AKHMhFjfYTT"},{"id":"OilH9AkwLon"},{"id":"gBjBpp9PzjT"},{"id":"mPKDdiZN0Cn"},{"id":"BYEmMwfZErJ"},{"id":"rtDwTQLgLsL"},{"id":"VG5dBJmOiMd"},{"id":"iw1jyuzKq3v"},{"id":"XlDGDfUn3lv"},{"id":"wkwKhP3IEfp"},{"id":"tJt9mLiCz9G"},{"id":"aHsxHtjliZM"},{"id":"VZamxdp4Usz"},{"id":"BNeuwWY2l1k"},{"id":"UI9JbPBXH9k"},{"id":"iCEbLhjcLNR"},{"id":"JcydsYIcw95"},{"id":"QuSzRbbg0EJ"},{"id":"Qm0Z6BrGbKH"},{"id":"zkPNwGgQh1S"},{"id":"ne1I3W4fBER"},{"id":"AiVqWH7WYNy"},{"id":"zmiHrKWJF1I"},{"id":"FUlgInDwGOK"},{"id":"F2PP7bhchyX"},{"id":"eSJCq30ueIg"},{"id":"Ub5DQrhA88f"},{"id":"DnUa0QwpfHX"},{"id":"FWA5mBTLjsu"},{"id":"uNCElQJ9zo4"},{"id":"S0OyvddJJ3s"},{"id":"XyEYNNUVQOt"},{"id":"HY9nNWkU9ok"},{"id":"VgPowMXIgRb"},{"id":"Jqjn5zM3xqP"},{"id":"rQCEZUX39G8"},{"id":"B3UnkiB2zqf"},{"id":"jvJdEu7VpGr"},{"id":"vr6nYUcGH0V"},{"id":"LiqO0n7Rf4D"},{"id":"ox5nD578uZy"},{"id":"Ig60ue0UwD6"},{"id":"cJmE9yUY3s0"},{"id":"Gitscuajo37"},{"id":"L6F5Mi9Tajt"},{"id":"DQLAabDd5Vj"},{"id":"RLUTFWCnigb"},{"id":"RZjKlndxOjt"},{"id":"eDDK2doXnt3"},{"id":"e3QckZN6BfN"},{"id":"PpHiegqmvoX"},{"id":"xv3VYxamvce"},{"id":"Q7hZ3gKTsuX"},{"id":"SxoSwzzg79v"},{"id":"kiQnU3ti5QS"},{"id":"vV41sUumQu4"},{"id":"wX2W83pL638"},{"id":"CWct3Tr8a5O"},{"id":"N4sqbZjOSeC"},{"id":"iiCFaeFPiQZ"},{"id":"lqWCaj4STr3"},{"id":"rXxpaOrKSUf"},{"id":"JBJLyhR0W5D"},{"id":"hekPVX1IPwg"},{"id":"xPaV5rlutqc"},{"id":"fOxuEEjfvtL"},{"id":"TM8DO2uBiub"},{"id":"IzrVK0KJFVS"},{"id":"a5xmgvjJwRZ"},{"id":"cvjAj3yhWEM"},{"id":"PuZlojMZTQ1"},{"id":"gq2Cacy16vR"},{"id":"GhXMqpZ7WqN"},{"id":"Je3UY3WT0yp"},{"id":"LmAPPjd3G1P"},{"id":"y6jJCHN6FLR"},{"id":"BUWu4gfq7nF"},{"id":"jUkTLGSxg6F"},{"id":"Y7vvHcOgAEl"},{"id":"oFZT1eHK5ky"},{"id":"E6uZNXu3zLN"},{"id":"Z7Hw2wELG3X"},{"id":"yP0PGuSdxFG"},{"id":"tWEFQbDn5dg"},{"id":"xcDY0a9xWEN"},{"id":"UedUKij9m8P"},{"id":"wXOGrXLryfJ"},{"id":"CP5CGKXp6Ye"}]},{"created":"2017-03-28T17:09:56.148","lastUpdated":"2020-04-03T23:30:27.009","name":"LS - HIV OVC","id":"aDaGWha8qfZ","publicAccess":"--------","version":2,"valueType":"TEXT","lastUpdatedBy":{"id":"ahghJySjYTf"},"user":{"id":"ahghJySjYTf"},"userGroupAccesses":[{"access":"rw------","userGroupUid":"RvzV8Uc1JGE","displayName":"LS - Admin","id":"RvzV8Uc1JGE"}],"attributeValues":[],"translations":[],"userAccesses":[],"options":[{"id":"p3vkjYMndK6"},{"id":"fP2RUh7X2T3"}]},{"created":"2017-04-09T16:17:55.712","lastUpdated":"2020-04-03T23:30:27.009","name":"LS - HIV Status","id":"Pd3Yh16W3ee","publicAccess":"--------","version":2,"valueType":"TEXT","lastUpdatedBy":{"id":"ahghJySjYTf"},"user":{"id":"ahghJySjYTf"},"userGroupAccesses":[{"access":"rw------","userGroupUid":"RvzV8Uc1JGE","displayName":"LS - Admin","id":"RvzV8Uc1JGE"}],"attributeValues":[],"translations":[],"userAccesses":[],"options":[{"id":"uuOAweqDWYk"},{"id":"TBTgNOWCWdn"},{"id":"VbNai3G38aL"}]},{"created":"2017-04-09T15:43:33.942","lastUpdated":"2020-04-03T23:30:27.010","name":"LS - HIV test motivation","id":"Og8p9TVPBE1","publicAccess":"--------","version":2,"valueType":"TEXT","lastUpdatedBy":{"id":"ahghJySjYTf"},"user":{"id":"ahghJySjYTf"},"userGroupAccesses":[{"access":"rw------","userGroupUid":"RvzV8Uc1JGE","displayName":"LS - Admin","id":"RvzV8Uc1JGE"}],"attributeValues":[],"translations":[],"userAccesses":[],"options":[{"id":"t45NRROJbqc"},{"id":"Vr2WMa9Jsro"},{"id":"FboBJLti3Fh"},{"id":"BG4icFtiQbr"},{"id":"rF6sozwRbro"},{"id":"F4jC9pysZoV"},{"id":"qTOHwIKyWex"},{"id":"gWrHgMZD6A8"},{"id":"jJvqcIC7ukB"},{"id":"FAHlCnIeC8Q"}]},{"created":"2018-10-04T12:24:28.863","lastUpdated":"2020-04-03T23:30:27.010","name":"LS - HIV Test Result (Pos/Neg/Ind)","id":"CfZkEPjUui3","publicAccess":"--------","version":4,"valueType":"TEXT","lastUpdatedBy":{"id":"ahghJySjYTf"},"user":{"id":"ahghJySjYTf"},"userGroupAccesses":[{"access":"rw------","userGroupUid":"RvzV8Uc1JGE","displayName":"LS - Admin","id":"RvzV8Uc1JGE"}],"attributeValues":[],"translations":[],"userAccesses":[],"options":[{"id":"emEQLOasqIy"},{"id":"Oc7xLi06VYc"},{"id":"JgqUm7jJvGU"}]},{"created":"2014-05-21T15:00:34.331","lastUpdated":"2020-04-03T23:30:27.010","name":"LS - HIV Test Result (Pos/Neg/Ind/Out)","id":"tt6TIG2zHlA","publicAccess":"--------","version":3,"valueType":"TEXT","lastUpdatedBy":{"id":"ahghJySjYTf"},"user":{"id":"ahghJySjYTf"},"userGroupAccesses":[{"access":"rw------","userGroupUid":"RvzV8Uc1JGE","displayName":"LS - Admin","id":"RvzV8Uc1JGE"}],"attributeValues":[],"translations":[],"userAccesses":[],"options":[{"id":"nUaIGaFTIwQ"},{"id":"UKR91wdUMnL"},{"id":"W7i01h6cFEP"},{"id":"OaE4yR4f7Nx"}]},{"created":"2020-04-14T05:40:34.659","lastUpdated":"2020-04-14T05:40:59.871","name":"LS - indexed contact relationship","id":"RsRqvKWqmbd","publicAccess":"rw------","version":2,"valueType":"TEXT","lastUpdatedBy":{"id":"ahghJySjYTf"},"user":{"id":"ahghJySjYTf"},"userGroupAccesses":[],"attributeValues":[],"translations":[],"userAccesses":[],"options":[{"id":"JHd357bRPYQ"},{"id":"RKI7BSAYF6J"}]},{"code":"Key Population","created":"2016-12-05T19:15:46.386","lastUpdated":"2020-04-03T23:30:27.010","name":"LS - Key Population","id":"K0k7wFbrcPg","publicAccess":"--------","version":2,"valueType":"TEXT","lastUpdatedBy":{"id":"ahghJySjYTf"},"user":{"id":"ahghJySjYTf"},"userGroupAccesses":[{"access":"rw------","userGroupUid":"RvzV8Uc1JGE","displayName":"LS - Admin","id":"RvzV8Uc1JGE"}],"attributeValues":[],"translations":[],"userAccesses":[],"options":[{"id":"WU2dTiG0Zgj"},{"id":"kmkYcRZA9OT"},{"id":"LXvuPxhADpK"},{"id":"Eimw29FM76u"},{"id":"jtxceb6SfXV"}]},{"code":"Layer","created":"2017-06-05T17:37:18.482","lastUpdated":"2020-04-03T23:30:27.011","name":"LS - Layer","id":"hf3PbcoBxFK","publicAccess":"--------","version":2,"valueType":"TEXT","lastUpdatedBy":{"id":"ahghJySjYTf"},"user":{"id":"ahghJySjYTf"},"userGroupAccesses":[{"access":"rw------","userGroupUid":"RvzV8Uc1JGE","displayName":"LS - Admin","id":"RvzV8Uc1JGE"}],"attributeValues":[],"translations":[],"userAccesses":[],"options":[{"id":"Lx5MIbcW4QB"},{"id":"GjBMhfxkVTg"},{"id":"t9yszvrCN6h"},{"id":"seslfrzsBEA"},{"id":"InXARn0fKKh"},{"id":"ufOq0vmqWS9"},{"id":"h0fauEs7rEW"},{"id":"pOnjLraN2gB"}]},{"created":"2017-05-08T16:29:08.243","lastUpdated":"2020-04-03T23:30:27.011","name":"LS - Linkage outcome","id":"wy1tdl6vZv0","publicAccess":"--------","version":2,"valueType":"TEXT","lastUpdatedBy":{"id":"ahghJySjYTf"},"user":{"id":"ahghJySjYTf"},"userGroupAccesses":[{"access":"rw------","userGroupUid":"RvzV8Uc1JGE","displayName":"LS - Admin","id":"RvzV8Uc1JGE"}],"attributeValues":[],"translations":[],"userAccesses":[],"options":[{"id":"rkGL3mzGys9"},{"id":"n8AmmjUBYe3"}]},{"created":"2017-05-18T16:10:07.772","lastUpdated":"2020-04-03T23:30:27.011","name":"LS - Linkage status","id":"PVacO0P5X7b","publicAccess":"--------","version":2,"valueType":"TEXT","lastUpdatedBy":{"id":"ahghJySjYTf"},"user":{"id":"ahghJySjYTf"},"userGroupAccesses":[{"access":"rw------","userGroupUid":"RvzV8Uc1JGE","displayName":"LS - Admin","id":"RvzV8Uc1JGE"}],"attributeValues":[],"translations":[],"userAccesses":[],"options":[{"id":"dqmUaNy3Gei"},{"id":"qDLtFKbiXJA"},{"id":"dY4o1oRZZ3v"}]},{"created":"2017-05-08T15:58:50.848","lastUpdated":"2020-04-03T23:30:27.011","name":"LS - Next action","id":"gMfUdZF6iC1","publicAccess":"--------","version":2,"valueType":"TEXT","lastUpdatedBy":{"id":"ahghJySjYTf"},"user":{"id":"ahghJySjYTf"},"userGroupAccesses":[{"access":"rw------","userGroupUid":"RvzV8Uc1JGE","displayName":"LS - Admin","id":"RvzV8Uc1JGE"}],"attributeValues":[],"translations":[],"userAccesses":[],"options":[{"id":"MNsCC8VxydE"},{"id":"e7jXiBqmWuC"},{"id":"cFKTlS9Bahq"},{"id":"vhdSqHvkgkl"},{"id":"sdDtXoevWAZ"}]},{"code":"PartCUIC-Opts","created":"2017-06-05T08:53:40.523","lastUpdated":"2020-04-03T23:30:27.011","name":"LS - Partner's CUIC - Options","id":"VqN7dizxLlr","publicAccess":"--------","version":2,"valueType":"TEXT","lastUpdatedBy":{"id":"ahghJySjYTf"},"user":{"id":"ahghJySjYTf"},"userGroupAccesses":[{"access":"rw------","userGroupUid":"RvzV8Uc1JGE","displayName":"LS - Admin","id":"RvzV8Uc1JGE"}],"attributeValues":[],"translations":[],"userAccesses":[],"options":[{"id":"rP6laI7hIpm"},{"id":"WgMqn26Kgxk"}]},{"created":"2018-10-04T12:03:02.834","lastUpdated":"2020-04-03T23:30:27.012","name":"LS - Previous HIV test type","id":"qaU1W2vmoHn","publicAccess":"--------","version":4,"valueType":"TEXT","lastUpdatedBy":{"id":"ahghJySjYTf"},"user":{"id":"ahghJySjYTf"},"userGroupAccesses":[{"access":"rw------","userGroupUid":"RvzV8Uc1JGE","displayName":"LS - Admin","id":"RvzV8Uc1JGE"}],"attributeValues":[],"translations":[],"userAccesses":[],"options":[{"id":"Q5WAq2jnNrv"},{"id":"PT3gEoqv71x"}]},{"created":"2017-08-30T09:39:02.705","lastUpdated":"2020-04-03T23:30:27.012","name":"LS - Relationship","id":"QkURcBSHaI6","publicAccess":"--------","version":2,"valueType":"TEXT","lastUpdatedBy":{"id":"ahghJySjYTf"},"user":{"id":"ahghJySjYTf"},"userGroupAccesses":[{"access":"rw------","userGroupUid":"RvzV8Uc1JGE","displayName":"LS - Admin","id":"RvzV8Uc1JGE"}],"attributeValues":[],"translations":[],"userAccesses":[],"options":[{"id":"V4k1el5F8lh"},{"id":"rIqwk37H1zS"},{"id":"rKpYBofXBoF"},{"id":"oI347FUDyKk"},{"id":"Z5A0K1kKTXw"},{"id":"UXD0rVT84Sr"}]},{"code":"Result of previous HIV test","created":"2016-12-06T17:55:40.025","lastUpdated":"2020-04-03T23:30:27.012","name":"LS - Result of previous HIV test","id":"Ezk2hLp01f1","publicAccess":"--------","version":2,"valueType":"TEXT","lastUpdatedBy":{"id":"ahghJySjYTf"},"user":{"id":"ahghJySjYTf"},"userGroupAccesses":[{"access":"rw------","userGroupUid":"RvzV8Uc1JGE","displayName":"LS - Admin","id":"RvzV8Uc1JGE"}],"attributeValues":[],"translations":[],"userAccesses":[],"options":[{"id":"sB5l9syjuix"},{"id":"PXnjcMVlOsz"},{"id":"GtQdS9qhpPA"},{"id":"gCjEaIjFp4i"}]},{"created":"2018-10-04T12:28:06.271","lastUpdated":"2020-04-03T23:30:27.012","name":"LS - Where HIV test was received","id":"BxiyJVuFLzR","publicAccess":"--------","version":6,"valueType":"TEXT","lastUpdatedBy":{"id":"ahghJySjYTf"},"user":{"id":"ahghJySjYTf"},"userGroupAccesses":[{"access":"rw------","userGroupUid":"RvzV8Uc1JGE","displayName":"LS - Admin","id":"RvzV8Uc1JGE"}],"attributeValues":[],"translations":[],"userAccesses":[],"options":[{"id":"kUeOy50bGH3"},{"id":"klEDdSIJDwy"},{"id":"JMdcnF2HpqQ"},{"id":"bJagpaLb8ob"},{"id":"rxcelPtdXf9"}]},{"created":"2017-05-18T15:43:00.982","lastUpdated":"2020-04-07T22:02:19.498","name":"LS - Worker Role","id":"AKqPkoBQfax","publicAccess":"rw------","version":0,"valueType":"TEXT","lastUpdatedBy":{"id":"ahghJySjYTf"},"user":{"id":"ahghJySjYTf"},"userGroupAccesses":[],"attributeValues":[],"translations":[],"userAccesses":[],"options":[{"id":"T2KCpCyPjcM"},{"id":"IykipO2c6pk"}]},{"code":"ACTX12","created":"2019-03-11T19:45:42.016","lastUpdated":"2020-04-06T00:12:57.245","name":"MM ACTX12","id":"JcSkxQxq10g","publicAccess":"--------","version":16,"valueType":"TEXT","lastUpdatedBy":{"id":"ahghJySjYTf"},"user":{"id":"ahghJySjYTf"},"userGroupAccesses":[{"access":"rw------","userGroupUid":"KVaS3uZHxWC","displayName":"PSI-MM-Demo","id":"KVaS3uZHxWC"},{"access":"rw------","userGroupUid":"kqXPY4IfZnX","displayName":"PSI-MM-Admin","id":"kqXPY4IfZnX"}],"attributeValues":[],"translations":[],"userAccesses":[],"options":[{"id":"a30hYetwubk"},{"id":"XfF2TKNk2kc"}]},{"code":"ACTX18","created":"2019-03-11T19:50:15.859","lastUpdated":"2020-04-06T00:12:57.245","name":"MM ACTX18","id":"TT0XYOwtL8l","publicAccess":"--------","version":18,"valueType":"TEXT","lastUpdatedBy":{"id":"ahghJySjYTf"},"user":{"id":"ahghJySjYTf"},"userGroupAccesses":[{"access":"rw------","userGroupUid":"KVaS3uZHxWC","displayName":"PSI-MM-Demo","id":"KVaS3uZHxWC"},{"access":"rw------","userGroupUid":"kqXPY4IfZnX","displayName":"PSI-MM-Admin","id":"kqXPY4IfZnX"}],"attributeValues":[],"translations":[],"userAccesses":[],"options":[{"id":"vASvEmtmALS"},{"id":"tcVUqFlVUlI"}]},{"code":"ACTX24","created":"2019-03-11T19:54:04.283","lastUpdated":"2020-04-06T00:12:57.245","name":"MM ACTX24","id":"uJ3zIFd4r4N","publicAccess":"--------","version":21,"valueType":"TEXT","lastUpdatedBy":{"id":"ahghJySjYTf"},"user":{"id":"ahghJySjYTf"},"userGroupAccesses":[{"access":"rw------","userGroupUid":"KVaS3uZHxWC","displayName":"PSI-MM-Demo","id":"KVaS3uZHxWC"},{"access":"rw------","userGroupUid":"kqXPY4IfZnX","displayName":"PSI-MM-Admin","id":"kqXPY4IfZnX"}],"attributeValues":[],"translations":[],"userAccesses":[],"options":[{"id":"tGgfXwYczgQ"},{"id":"J3KdGTxmQD8"}]},{"code":"ACTX6","created":"2019-02-21T22:22:08.889","lastUpdated":"2020-04-06T00:12:57.245","name":"MM ACTX6","id":"TnpV0Hgz53w","publicAccess":"--------","version":33,"valueType":"TEXT","lastUpdatedBy":{"id":"ahghJySjYTf"},"user":{"id":"ahghJySjYTf"},"userGroupAccesses":[{"access":"rw------","userGroupUid":"KVaS3uZHxWC","displayName":"PSI-MM-Demo","id":"KVaS3uZHxWC"},{"access":"rw------","userGroupUid":"kqXPY4IfZnX","displayName":"PSI-MM-Admin","id":"kqXPY4IfZnX"}],"attributeValues":[],"translations":[],"userAccesses":[],"options":[{"id":"z2hGiC0tibA"},{"id":"TFRjrnZbNf8"},{"id":"Z0DTGKGvdo3"}]},{"code":"Case_Detection","created":"2019-02-28T16:15:08.917","lastUpdated":"2020-04-06T00:12:57.245","name":"MM Case Detection","id":"EJkDEeaTAl3","publicAccess":"--------","version":11,"valueType":"TEXT","lastUpdatedBy":{"id":"ahghJySjYTf"},"user":{"id":"ahghJySjYTf"},"userGroupAccesses":[{"access":"rw------","userGroupUid":"KVaS3uZHxWC","displayName":"PSI-MM-Demo","id":"KVaS3uZHxWC"},{"access":"rw------","userGroupUid":"kqXPY4IfZnX","displayName":"PSI-MM-Admin","id":"kqXPY4IfZnX"}],"attributeValues":[],"translations":[],"userAccesses":[],"options":[{"id":"zIZRNRLCgKb"},{"id":"aWrPza6tx6D"}]},{"created":"2020-05-04T15:25:45.739","lastUpdated":"2020-05-04T15:26:08.718","name":"MM CHIEF COMPLIANT","id":"dW5R2VuG03I","publicAccess":"rw------","version":3,"valueType":"TEXT","lastUpdatedBy":{"id":"ahghJySjYTf"},"user":{"id":"ahghJySjYTf"},"userGroupAccesses":[],"attributeValues":[],"translations":[],"userAccesses":[],"options":[{"id":"lM8tigkI5yE"},{"id":"KCR6Jv9OwI5"},{"id":"nQUKeYk0wxT"}]},{"created":"2020-03-31T22:28:26.480","lastUpdated":"2020-03-31T22:30:11.783","name":"MM COUGH Y/N","id":"qMcPMRr27Ba","publicAccess":"--------","version":2,"valueType":"TEXT","lastUpdatedBy":{"id":"ahghJySjYTf"},"user":{"id":"ahghJySjYTf"},"userGroupAccesses":[{"access":"rw------","userGroupUid":"kqXPY4IfZnX","displayName":"PSI-MM-Admin","id":"kqXPY4IfZnX"}],"attributeValues":[],"translations":[],"userAccesses":[{"access":"rw------","displayName":"MM Demo English","id":"baO7e8PJReq","userUid":"baO7e8PJReq"},{"access":"rw------","displayName":"Demo2 MM","id":"zdOxukVAvdi","userUid":"zdOxukVAvdi"}],"options":[{"id":"U5GmL1pz5Lk"},{"id":"WzDqdICC8wk"}]},{"code":"C1","created":"2019-02-21T18:02:33.024","lastUpdated":"2020-04-06T00:12:57.246","name":"MM Cq","id":"L7IImsFAcxy","publicAccess":"--------","version":25,"valueType":"TEXT","lastUpdatedBy":{"id":"ahghJySjYTf"},"user":{"id":"ahghJySjYTf"},"userGroupAccesses":[{"access":"rw------","userGroupUid":"KVaS3uZHxWC","displayName":"PSI-MM-Demo","id":"KVaS3uZHxWC"},{"access":"rw------","userGroupUid":"kqXPY4IfZnX","displayName":"PSI-MM-Admin","id":"kqXPY4IfZnX"}],"attributeValues":[],"translations":[],"userAccesses":[],"options":[{"id":"jvgyS776Jd1"},{"id":"gjvG3bKdqBp"},{"id":"PR8XnWcyjHs"},{"id":"CyGNGeQB3h4"},{"id":"XfuwuUO3bJT"},{"id":"K3ATlwzPTDd"},{"id":"HlekBcdOnhM"}]},{"created":"2020-03-31T22:30:27.449","lastUpdated":"2020-03-31T22:31:10.113","name":"MM DIARRHEA Y/N","id":"sTJeGYPlhXa","publicAccess":"rw------","version":2,"valueType":"TEXT","lastUpdatedBy":{"id":"ahghJySjYTf"},"user":{"id":"ahghJySjYTf"},"userGroupAccesses":[],"attributeValues":[],"translations":[],"userAccesses":[],"options":[{"id":"bJGavEznaN1"},{"id":"PCi3z2AfiNA"}]},{"created":"2019-05-30T16:32:55.609","lastUpdated":"2020-04-06T00:12:57.246","name":"MM Fever","id":"aCR8oj1BvUw","publicAccess":"--------","version":6,"valueType":"TEXT","lastUpdatedBy":{"id":"ahghJySjYTf"},"user":{"id":"ahghJySjYTf"},"userGroupAccesses":[{"access":"rw------","userGroupUid":"KVaS3uZHxWC","displayName":"PSI-MM-Demo","id":"KVaS3uZHxWC"},{"access":"rw------","userGroupUid":"kqXPY4IfZnX","displayName":"PSI-MM-Admin","id":"kqXPY4IfZnX"}],"attributeValues":[],"translations":[],"userAccesses":[],"options":[{"id":"SIk4tB6dJ4o"},{"id":"cqgwp2jQG2l"}]},{"created":"2020-03-31T21:31:18.390","lastUpdated":"2020-03-31T22:27:40.676","name":"MM FEVER Y/N","id":"cRUXadbG3EB","publicAccess":"--------","version":2,"valueType":"TEXT","lastUpdatedBy":{"id":"ahghJySjYTf"},"user":{"id":"ahghJySjYTf"},"userGroupAccesses":[{"access":"rw------","userGroupUid":"kqXPY4IfZnX","displayName":"PSI-MM-Admin","id":"kqXPY4IfZnX"}],"attributeValues":[],"translations":[],"userAccesses":[{"access":"rw------","displayName":"MM Demo English","id":"baO7e8PJReq","userUid":"baO7e8PJReq"},{"access":"rw------","displayName":"Demo2 MM","id":"zdOxukVAvdi","userUid":"zdOxukVAvdi"}],"options":[{"id":"ZZtIpwqm4AX"},{"id":"qCG3z4sU20b"}]},{"code":"MMCONSULTATION","created":"2020-04-13T16:57:58.982","lastUpdated":"2020-04-13T17:02:02.050","name":"MM FP CONSULTATION TYPE","id":"XySK27vSFal","publicAccess":"--------","version":3,"valueType":"TEXT","lastUpdatedBy":{"id":"ahghJySjYTf"},"user":{"id":"ahghJySjYTf"},"userGroupAccesses":[{"access":"rw------","userGroupUid":"kqXPY4IfZnX","displayName":"PSI-MM-Admin","id":"kqXPY4IfZnX"},{"access":"rw------","userGroupUid":"KVaS3uZHxWC","displayName":"PSI-MM-Demo","id":"KVaS3uZHxWC"}],"attributeValues":[],"translations":[],"userAccesses":[],"options":[{"id":"DpqFEsOBRc8"},{"id":"pleEzNELd9y"},{"id":"CovRljGnopN"}]},{"code":"MMMETHODS","created":"2020-04-13T17:02:18.024","lastUpdated":"2020-04-15T01:41:58.876","name":"MM FP METHODS","id":"bODpbnZxgkJ","publicAccess":"--------","version":13,"valueType":"TEXT","lastUpdatedBy":{"id":"ahghJySjYTf"},"user":{"id":"ahghJySjYTf"},"userGroupAccesses":[{"access":"rw------","userGroupUid":"kqXPY4IfZnX","displayName":"PSI-MM-Admin","id":"kqXPY4IfZnX"},{"access":"rw------","userGroupUid":"KVaS3uZHxWC","displayName":"PSI-MM-Demo","id":"KVaS3uZHxWC"}],"attributeValues":[],"translations":[],"userAccesses":[],"options":[{"id":"W1BN2FoqMn5"},{"id":"vWK9utWid2k"},{"id":"Ex06Tf1Mr3B"},{"id":"gK66jz37uHm"},{"id":"vPhBJLstFmj"},{"id":"QnkXXOCJGw3"},{"id":"Jj22Zasd6J2"},{"id":"mFKMVIB1mOj"}]},{"created":"2020-04-30T15:54:48.477","lastUpdated":"2020-04-30T16:01:28.088","name":"MM FP METHODS USED","id":"EtUszAGRVla","publicAccess":"--------","version":9,"valueType":"TEXT","lastUpdatedBy":{"id":"ahghJySjYTf"},"user":{"id":"ahghJySjYTf"},"userGroupAccesses":[{"access":"rw------","userGroupUid":"kqXPY4IfZnX","displayName":"PSI-MM-Admin","id":"kqXPY4IfZnX"},{"access":"rw------","userGroupUid":"KVaS3uZHxWC","displayName":"PSI-MM-Demo","id":"KVaS3uZHxWC"}],"attributeValues":[],"translations":[],"userAccesses":[],"options":[{"id":"e3BTo8tNrWE"},{"id":"RwZ1IqG42eY"},{"id":"MfpR36I1HK8"},{"id":"QkTtJVi0SGp"},{"id":"Ij0CFJRQxed"},{"id":"mG1q239kcQb"},{"id":"x6vEwg35ZMN"},{"id":"D1xDBi0Y7En"}]},{"code":"MMGENDER","created":"2020-03-15T23:08:40.241","lastUpdated":"2020-03-17T21:29:50.561","name":"MM GENDER","id":"gAEExGXbQWl","publicAccess":"--------","version":2,"valueType":"TEXT","lastUpdatedBy":{"id":"ahghJySjYTf"},"user":{"id":"ahghJySjYTf"},"userGroupAccesses":[{"access":"rw------","userGroupUid":"kqXPY4IfZnX","displayName":"PSI-MM-Admin","id":"kqXPY4IfZnX"},{"access":"rw------","userGroupUid":"KVaS3uZHxWC","displayName":"PSI-MM-Demo","id":"KVaS3uZHxWC"}],"attributeValues":[],"translations":[],"userAccesses":[],"options":[{"id":"SJ02Hb9vvIu"},{"id":"fcmKZsvjPQJ"}]},{"created":"2019-05-21T17:24:14.061","lastUpdated":"2020-04-06T00:02:32.235","name":"MM Gender","id":"LGBpyptmFI2","publicAccess":"--------","version":4,"valueType":"TEXT","lastUpdatedBy":{"id":"ahghJySjYTf"},"user":{"id":"M5zQapPyTZI"},"userGroupAccesses":[{"access":"rw------","userGroupUid":"Vmy48HJTFHL","displayName":"HNQIS- Users","id":"Vmy48HJTFHL"},{"access":"rw------","userGroupUid":"iVyp3KHezcf","displayName":"HNQIS- Admin","id":"iVyp3KHezcf"}],"attributeValues":[],"translations":[],"userAccesses":[],"options":[{"id":"YyxHxBrvGvu"},{"id":"coXHGSF8oer"}]},{"code":"MMSUSPDIS","created":"2020-03-15T22:35:10.199","lastUpdated":"2020-03-31T18:11:49.143","name":"MM ICMV SUSPDIS","id":"EELNKhYEtnb","publicAccess":"--------","version":2,"valueType":"TEXT","lastUpdatedBy":{"id":"ahghJySjYTf"},"user":{"id":"ahghJySjYTf"},"userGroupAccesses":[{"access":"rw------","userGroupUid":"kqXPY4IfZnX","displayName":"PSI-MM-Admin","id":"kqXPY4IfZnX"},{"access":"rw------","userGroupUid":"KVaS3uZHxWC","displayName":"PSI-MM-Demo","id":"KVaS3uZHxWC"}],"attributeValues":[],"translations":[],"userAccesses":[],"options":[{"id":"q79RkrILkl4"},{"id":"bSyPPsfSyHl"},{"id":"phP7JF9zJmk"},{"id":"GWY5x5UmYW1"},{"id":"P3uEPqnTYRs"},{"id":"l9mDz5CqZJv"}]},{"code":"MicTR","created":"2019-02-28T15:01:32.752","lastUpdated":"2020-04-06T00:12:57.246","name":"MM Microscopy Test Result","id":"oslmJ6tQ4th","publicAccess":"--------","version":13,"valueType":"TEXT","lastUpdatedBy":{"id":"ahghJySjYTf"},"user":{"id":"ahghJySjYTf"},"userGroupAccesses":[{"access":"rw------","userGroupUid":"KVaS3uZHxWC","displayName":"PSI-MM-Demo","id":"KVaS3uZHxWC"},{"access":"rw------","userGroupUid":"kqXPY4IfZnX","displayName":"PSI-MM-Admin","id":"kqXPY4IfZnX"}],"attributeValues":[],"translations":[],"userAccesses":[],"options":[{"id":"R4Y5YPcmNwX"},{"id":"wocqnGaxBNo"},{"id":"Vu7JrucmppS"},{"id":"mdNQizHfw6A"},{"id":"lh9J4NVu1qF"},{"id":"MMRn79LBOj9"}]},{"code":"MMMUACRES","created":"2020-03-15T22:35:10.199","lastUpdated":"2020-03-17T21:30:08.139","name":"MM MNCH MUACRES","id":"m6efoatiZZc","publicAccess":"--------","version":0,"valueType":"TEXT","lastUpdatedBy":{"id":"ahghJySjYTf"},"user":{"id":"ahghJySjYTf"},"userGroupAccesses":[{"access":"rw------","userGroupUid":"kqXPY4IfZnX","displayName":"PSI-MM-Admin","id":"kqXPY4IfZnX"},{"access":"rw------","userGroupUid":"KVaS3uZHxWC","displayName":"PSI-MM-Demo","id":"KVaS3uZHxWC"}],"attributeValues":[],"translations":[],"userAccesses":[],"options":[{"id":"h1qEX3e9Kj0"},{"id":"rZgrDm0nMZa"},{"id":"PNnClTjQBjI"}]},{"created":"2020-03-30T20:37:08.839","lastUpdated":"2020-03-31T22:28:11.539","name":"MM MNCH SYMPTOMS","id":"g2nnOFbZHH9","publicAccess":"--------","version":3,"valueType":"TEXT","lastUpdatedBy":{"id":"ahghJySjYTf"},"user":{"id":"ahghJySjYTf"},"userGroupAccesses":[{"access":"rw------","userGroupUid":"kqXPY4IfZnX","displayName":"PSI-MM-Admin","id":"kqXPY4IfZnX"}],"attributeValues":[],"translations":[],"userAccesses":[{"access":"rw------","displayName":"MM Demo English","id":"baO7e8PJReq","userUid":"baO7e8PJReq"},{"access":"rw------","displayName":"Demo2 MM","id":"zdOxukVAvdi","userUid":"zdOxukVAvdi"}],"options":[{"id":"h13TFPKO2d8"},{"id":"hAYmh4Pw77v"},{"id":"ird62earv1d"}]},{"code":"Occupation","created":"2019-04-15T20:14:40.727","lastUpdated":"2020-04-06T00:12:57.246","name":"MM Occupation","id":"sSOLSB3dM1v","publicAccess":"--------","version":14,"valueType":"TEXT","lastUpdatedBy":{"id":"ahghJySjYTf"},"user":{"id":"ahghJySjYTf"},"userGroupAccesses":[{"access":"rw------","userGroupUid":"KVaS3uZHxWC","displayName":"PSI-MM-Demo","id":"KVaS3uZHxWC"},{"access":"rw------","userGroupUid":"kqXPY4IfZnX","displayName":"PSI-MM-Admin","id":"kqXPY4IfZnX"}],"attributeValues":[],"translations":[],"userAccesses":[],"options":[{"id":"rOTrg0O9t69"},{"id":"ttXdpZriXOI"},{"id":"C2ArCTjssNB"},{"id":"h0Ygc185owR"},{"id":"Hj47nlNDOVH"},{"id":"CYtqRPnvbdv"}]},{"code":"OP","created":"2019-02-28T16:35:00.619","lastUpdated":"2020-04-06T00:12:57.246","name":"MM OP","id":"xtgU2q85jZj","publicAccess":"--------","version":14,"valueType":"TEXT","lastUpdatedBy":{"id":"ahghJySjYTf"},"user":{"id":"ahghJySjYTf"},"userGroupAccesses":[{"access":"rw------","userGroupUid":"KVaS3uZHxWC","displayName":"PSI-MM-Demo","id":"KVaS3uZHxWC"},{"access":"rw------","userGroupUid":"kqXPY4IfZnX","displayName":"PSI-MM-Admin","id":"kqXPY4IfZnX"}],"attributeValues":[],"translations":[],"userAccesses":[],"options":[{"id":"DQBfOv3lazN"},{"id":"XuIXsoILAZJ"}]},{"code":"Places_vis","created":"2019-03-13T22:48:40.802","lastUpdated":"2020-04-06T00:12:57.246","name":"MM Places visited","id":"TBHxNlo4ddM","publicAccess":"--------","version":20,"valueType":"TEXT","lastUpdatedBy":{"id":"ahghJySjYTf"},"user":{"id":"ahghJySjYTf"},"userGroupAccesses":[{"access":"rw------","userGroupUid":"KVaS3uZHxWC","displayName":"PSI-MM-Demo","id":"KVaS3uZHxWC"},{"access":"rw------","userGroupUid":"kqXPY4IfZnX","displayName":"PSI-MM-Admin","id":"kqXPY4IfZnX"}],"attributeValues":[],"translations":[],"userAccesses":[],"options":[{"id":"PfHcLQg8oID"},{"id":"gBtAdT1V6YM"},{"id":"p7Myfcdnbtn"},{"id":"sy9OGTh564w"}]},{"code":"Pq","created":"2019-02-21T18:04:19.281","lastUpdated":"2020-04-06T00:12:57.246","name":"MM Pq","id":"ECVCfFoKAWx","publicAccess":"--------","version":29,"valueType":"TEXT","lastUpdatedBy":{"id":"ahghJySjYTf"},"user":{"id":"ahghJySjYTf"},"userGroupAccesses":[{"access":"rw------","userGroupUid":"KVaS3uZHxWC","displayName":"PSI-MM-Demo","id":"KVaS3uZHxWC"},{"access":"rw------","userGroupUid":"kqXPY4IfZnX","displayName":"PSI-MM-Admin","id":"kqXPY4IfZnX"}],"attributeValues":[],"translations":[],"userAccesses":[],"options":[{"id":"S6vaEMJZ2jW"},{"id":"QL69KiphXZu"},{"id":"SjUJoocvVEO"},{"id":"V5w7LHZbGS9"},{"id":"tJkhTIiYSPG"},{"id":"LAegTaJ0Vgx"},{"id":"FW0YsHuRxoh"},{"id":"aI8S44HZ39D"},{"id":"Im6O7SldcxF"}]},{"created":"2019-05-30T16:29:37.972","lastUpdated":"2020-04-06T00:12:57.247","name":"MM Pregnancy","id":"o7S2wTIZD0M","publicAccess":"--------","version":9,"valueType":"TEXT","lastUpdatedBy":{"id":"ahghJySjYTf"},"user":{"id":"ahghJySjYTf"},"userGroupAccesses":[{"access":"rw------","userGroupUid":"KVaS3uZHxWC","displayName":"PSI-MM-Demo","id":"KVaS3uZHxWC"},{"access":"rw------","userGroupUid":"kqXPY4IfZnX","displayName":"PSI-MM-Admin","id":"kqXPY4IfZnX"}],"attributeValues":[],"translations":[],"userAccesses":[],"options":[{"id":"MNXZIuVlZI0"},{"id":"VfK8VuUEh0X"}]},{"created":"2019-02-21T17:11:23.790","lastUpdated":"2020-04-06T00:12:57.247","name":"MM RDT Test Result","id":"yLXtKdjmZH2","publicAccess":"--------","version":24,"valueType":"TEXT","lastUpdatedBy":{"id":"ahghJySjYTf"},"user":{"id":"ahghJySjYTf"},"userGroupAccesses":[{"access":"rw------","userGroupUid":"KVaS3uZHxWC","displayName":"PSI-MM-Demo","id":"KVaS3uZHxWC"},{"access":"rw------","userGroupUid":"kqXPY4IfZnX","displayName":"PSI-MM-Admin","id":"kqXPY4IfZnX"}],"attributeValues":[],"translations":[],"userAccesses":[],"options":[{"id":"bWY8saL1zeG"},{"id":"jvlqJ1BbLqU"},{"id":"j5w84BiEfJP"},{"id":"cmE1MYDrHJ7"},{"id":"v5PyhdPQxju"}]},{"created":"2019-07-18T00:06:28.007","lastUpdated":"2020-04-06T00:12:57.247","name":"MM Reaching Facility wi24h","id":"JIpYmepV6V2","publicAccess":"--------","version":6,"valueType":"TEXT","lastUpdatedBy":{"id":"ahghJySjYTf"},"user":{"id":"ahghJySjYTf"},"userGroupAccesses":[{"access":"rw------","userGroupUid":"KVaS3uZHxWC","displayName":"PSI-MM-Demo","id":"KVaS3uZHxWC"},{"access":"rw------","userGroupUid":"kqXPY4IfZnX","displayName":"PSI-MM-Admin","id":"kqXPY4IfZnX"}],"attributeValues":[],"translations":[],"userAccesses":[],"options":[{"id":"bwp8Z2fTTFh"},{"id":"XkLM3nJgLI1"}]},{"created":"2020-03-30T17:57:25.321","lastUpdated":"2020-05-08T22:55:46.219","name":"MM REFERRAL REASON","id":"k11YH73RI3D","publicAccess":"--------","version":8,"valueType":"TEXT","lastUpdatedBy":{"id":"ahghJySjYTf"},"user":{"id":"ahghJySjYTf"},"userGroupAccesses":[{"access":"rw------","userGroupUid":"kqXPY4IfZnX","displayName":"PSI-MM-Admin","id":"kqXPY4IfZnX"},{"access":"rw------","userGroupUid":"KVaS3uZHxWC","displayName":"PSI-MM-Demo","id":"KVaS3uZHxWC"}],"attributeValues":[],"translations":[],"userAccesses":[],"options":[{"id":"FHdvIzzyVRx"},{"id":"KkAuoUhMB4f"},{"id":"ePZ1HZWtZoI"},{"id":"NGsuiDdyHkM"},{"id":"xl8lxpKOyCk"},{"id":"tkh7dFg1Uft"}]},{"code":"Sex","created":"2019-02-21T20:20:37.327","lastUpdated":"2020-04-06T00:12:57.247","name":"MM Sex","id":"wT5tsi0F6s8","publicAccess":"--------","version":11,"valueType":"TEXT","lastUpdatedBy":{"id":"ahghJySjYTf"},"user":{"id":"ahghJySjYTf"},"userGroupAccesses":[{"access":"rw------","userGroupUid":"KVaS3uZHxWC","displayName":"PSI-MM-Demo","id":"KVaS3uZHxWC"},{"access":"rw------","userGroupUid":"kqXPY4IfZnX","displayName":"PSI-MM-Admin","id":"kqXPY4IfZnX"}],"attributeValues":[],"translations":[],"userAccesses":[],"options":[{"id":"MUWcpHAZ04p"},{"id":"tHDUn7b2zng"}]},{"created":"2019-11-20T17:29:22.723","lastUpdated":"2020-04-06T00:12:57.247","name":"MM ST-YesNo","id":"K3B6Xrcis3Y","publicAccess":"--------","version":6,"valueType":"TEXT","lastUpdatedBy":{"id":"ahghJySjYTf"},"user":{"id":"ahghJySjYTf"},"userGroupAccesses":[{"access":"rw------","userGroupUid":"KVaS3uZHxWC","displayName":"PSI-MM-Demo","id":"KVaS3uZHxWC"},{"access":"rw------","userGroupUid":"kqXPY4IfZnX","displayName":"PSI-MM-Admin","id":"kqXPY4IfZnX"}],"attributeValues":[],"translations":[],"userAccesses":[],"options":[{"id":"kviWmTXCxOG"},{"id":"rFnpxIDqHhM"}]},{"code":"STOWNSHIP","created":"2019-11-20T16:22:51.316","lastUpdated":"2020-05-04T21:02:32.353","name":"MM State-Township","id":"fV3KQCc3GIc","publicAccess":"rw------","version":4,"valueType":"TEXT","lastUpdatedBy":{"id":"ahghJySjYTf"},"user":{"id":"ahghJySjYTf"},"userGroupAccesses":[],"attributeValues":[],"translations":[],"userAccesses":[],"options":[{"id":"JzcQ6drtPXP"},{"id":"BVXaQeZWcTB"},{"id":"ViNyNeB1uM7"},{"id":"ilJyzqoUptA"},{"id":"OavU8epO1xH"},{"id":"lnP6WQ5I5cS"},{"id":"GeXAjhAUIIR"},{"id":"YiYuzBQY5Oi"},{"id":"YgwDwhrIGSs"},{"id":"gpLCKcC3jmV"},{"id":"r3dcJ9MTMxW"},{"id":"Ou5ISacj7Y0"},{"id":"Ixre3fTr0Fh"},{"id":"GYaAP6d8Ppz"},{"id":"NJlsrWspS3Y"},{"id":"kiWEJpVyZNX"},{"id":"jH5QkENpb3A"},{"id":"QBAIiEnDIwF"},{"id":"nxs6Hv4ZdWx"},{"id":"itmeUPcEZrJ"},{"id":"dcwzVrpWWID"},{"id":"nMwCeRpWsW1"},{"id":"FAd5Q5o082f"},{"id":"Mla8PFKxW2y"},{"id":"SO8gdupQVOO"},{"id":"hy8OxIxCvAL"},{"id":"UBzqU7Xk2cn"},{"id":"kUaitoLM44M"},{"id":"DbwiQ0VToCt"},{"id":"zSBFddc6YGX"},{"id":"FElarXhyq6G"},{"id":"Di9ulcIOs2b"},{"id":"PIzpp4RcihV"},{"id":"JGNP1u08tOO"},{"id":"eqNrtE72VJE"},{"id":"wnwSTkWarGn"},{"id":"VMjbwjeRXLZ"},{"id":"ZnA6Xcu76ez"},{"id":"Eil6ddNQhPi"},{"id":"vqnwgEmH822"},{"id":"RgeJTFu4i5v"},{"id":"zKRvvIPqQll"},{"id":"UMKY5aA8n9L"},{"id":"QwBNwRMQMCR"},{"id":"fYwmkJvCdSE"},{"id":"HWgX3F2Ojfc"},{"id":"l6R5r7bK4Wg"},{"id":"zcTagGffLYX"},{"id":"igH5tJuZENA"},{"id":"sd2e0loNL9V"},{"id":"lae0dTzvCCh"},{"id":"O8JllH93NO2"},{"id":"GsiwMO6JmYk"},{"id":"Pxf8yOhklMq"},{"id":"diaPkwD6iSr"},{"id":"c4iq4jSbLLW"},{"id":"mnppUw7ja77"},{"id":"eZv7CpGxvnt"},{"id":"ydzaVckTAqW"},{"id":"dB795q4XC3M"},{"id":"ZobdU7hj9RO"},{"id":"bsOaD0VWsMU"},{"id":"XNX44qADo8S"},{"id":"Kv7K0l6ODoD"},{"id":"OKFeY1jx37q"},{"id":"LdyjPraUi8a"},{"id":"c11yAgTqfVW"},{"id":"m66pgtyELQV"},{"id":"N2G7deClcQZ"},{"id":"Ay4K8q99lXl"},{"id":"Hb1dKtosUmc"},{"id":"jrd7ohhJq1v"},{"id":"XamTZ4m1GYa"},{"id":"m8GeTlpx9ap"},{"id":"HhFXTXpigkt"},{"id":"c7gdBwDhJYd"},{"id":"r19Zydqjhrh"},{"id":"hPKcJNvKSO8"},{"id":"teZUz1CcTrw"},{"id":"qVeGfcdn5T9"},{"id":"Lno4mp8WkEq"},{"id":"TTr8nrlrn4X"},{"id":"K5ZW9hEMYIc"},{"id":"ooxsL13HEdz"},{"id":"XEzIWNFLSMR"},{"id":"hSQvIVHNW8h"},{"id":"UxM5P8XCWAP"},{"id":"l7aTcvPbXdM"},{"id":"NoksVuyIFfY"},{"id":"phcRtsk2C58"},{"id":"kPkgQKRnfW4"},{"id":"CmhAi3BHeqw"},{"id":"AkKjD3WmQs3"},{"id":"xb66g0cFEjq"},{"id":"GnwjTeceyy3"},{"id":"s1mJSJbQL8K"},{"id":"nCoikYEA3n3"},{"id":"SOTXhmJ1jyb"},{"id":"SYEYlYdVgPb"},{"id":"BQI6A4k2bLG"},{"id":"SNzIriE44jY"},{"id":"RkU8MgP0AzF"},{"id":"ldlN2iSloPY"},{"id":"KC3w4P4AEIX"},{"id":"fyQ0AFjMeN6"},{"id":"UGwjnJjbnbE"},{"id":"nY0reYHD2nE"},{"id":"xUHX3EJr4JK"},{"id":"cWWdTBGKVsv"},{"id":"YkE0gY3Z4ji"},{"id":"inuNVmHyyc8"},{"id":"qKuBxfLLh5f"},{"id":"Gz8MqgYzff0"},{"id":"MgSqnnISjjr"},{"id":"pDXqM8oTLxe"},{"id":"MUZa5zqRPHQ"},{"id":"ptnWF7gns5u"},{"id":"H17A2iVAy9a"},{"id":"n6q7M6OrHda"},{"id":"RZxuistAUhH"},{"id":"UjH2e0Kql3R"},{"id":"xrdM6i7CK9b"},{"id":"A4iUyfUDUxP"},{"id":"fgae99r9RVu"},{"id":"WTUUfGVRwsW"},{"id":"bvOG37MqQIE"},{"id":"sQibGwLPtTE"},{"id":"tgvWiXdUH4Y"},{"id":"IHuQdv8Rh3X"},{"id":"fUemKXIv3Vn"},{"id":"oWpfTnUxiFO"},{"id":"xtE70uLtYBA"},{"id":"HrOBuPA132m"},{"id":"cTYRyIm9g2S"},{"id":"e06OUsD1QAG"},{"id":"VWbyYpNrmSG"},{"id":"OddXmbxO1l2"},{"id":"aQ5au9G83oL"},{"id":"rPUmnwK8eBZ"},{"id":"XF4I1Dt2Lcd"},{"id":"N94sJ3VeHk7"},{"id":"HKdlH7cJhJs"},{"id":"zHyUj8l4zec"},{"id":"WaWDPvK0nxR"},{"id":"miW2hf0WI4M"},{"id":"S1pGaWDcy3k"},{"id":"wt3nirfjEDh"},{"id":"fkq1WEWahQ5"},{"id":"XrKZvTolr75"},{"id":"xRQ5EmPT94R"},{"id":"URy6W755zkl"},{"id":"bnTIr0JOjN9"},{"id":"H8Ygobvm9No"},{"id":"MkQGkQDLT0g"},{"id":"YdHO3oWTzr2"},{"id":"dPd2Kdm5Ptl"},{"id":"UMt6qzVDB6d"},{"id":"WWytFuxNNiT"},{"id":"vgLeplSmMqg"},{"id":"LPE1am96TKY"},{"id":"ardnivrZ4MA"},{"id":"ugDVTUJ4UCW"},{"id":"UuflfSw74YV"},{"id":"nETbAGfoj8p"},{"id":"SKqEOQ7sqg3"},{"id":"dDhMuw0n9OL"},{"id":"QVrmiYcKr8y"},{"id":"l4tcutZb3bU"},{"id":"AOOo2vV95Pk"},{"id":"RWQ3nNtfFlw"},{"id":"fsPOaroqTvf"},{"id":"Og6bYrio3IJ"},{"id":"qJs96lU611A"},{"id":"y8sYzddjbRE"},{"id":"Tlo56JuYK8r"},{"id":"ueljZsnIMsJ"},{"id":"LhYf69CkeUS"},{"id":"y4oxGShTlAI"},{"id":"FZV7JesMd8j"},{"id":"zOO57BzHvDY"},{"id":"TL3MzBynn1V"},{"id":"dOOANhzi4JS"},{"id":"GjoTs487mY2"},{"id":"drZQL3ITHmu"},{"id":"jRrzkAZ5Uqp"},{"id":"pDJwaYa3F8y"},{"id":"kQXeMoNNec6"},{"id":"DQTkaOtcVmq"},{"id":"fT0ys0nQ3c8"},{"id":"R8xzbBPco3h"},{"id":"EBvq29jJu6y"},{"id":"bKvJe8L3u6h"},{"id":"K9qBAjm6PEM"},{"id":"yMiJj5SixaO"},{"id":"QLEGkLsi08D"},{"id":"G8fKfc5DPem"},{"id":"odT4VtqErkO"},{"id":"KfGFWLhy0aM"},{"id":"U3MKShhKQYV"},{"id":"JDZqbUodeIB"},{"id":"GphOjS1FcJt"},{"id":"x8bbGvJS8qf"},{"id":"AbpX1FOUqmT"},{"id":"Ozyq72hAqun"},{"id":"uLnyh7CUFI9"},{"id":"JJEkAi7bMU8"},{"id":"VL2W95qJppB"},{"id":"S7dCoZewPtZ"},{"id":"n2rL4jTWtm8"},{"id":"RqssQJuwRGj"},{"id":"w67cJsHVgdZ"},{"id":"eNjQQesixTL"},{"id":"PlJHIC0v111"},{"id":"sIS64Gb0KcK"},{"id":"Es8QpeQFej8"},{"id":"nlJdU1noKLa"},{"id":"lPc6SC9aNtM"},{"id":"KZLW7xxRTj4"},{"id":"HlKutxYlQwM"},{"id":"SL4bI7xPqlY"},{"id":"SzV14z9t6Di"},{"id":"OER0C5a1shw"},{"id":"GtE9JAjNojK"},{"id":"X3AqaQ4oHqk"},{"id":"t58iDvY544f"},{"id":"eSlchgKRWot"},{"id":"J4KC3Q3L6b9"},{"id":"l6ytJviQuCT"},{"id":"QnOqfYfG0ZY"},{"id":"rAKdIFx50VZ"},{"id":"cm8I95l9nOL"},{"id":"jvXRXiJc1By"},{"id":"ghx7Fe4LjVn"},{"id":"KsqYvci4Aic"},{"id":"y7RBKciojjk"},{"id":"mcg92NQg8pM"},{"id":"m2kGEQdhzGl"},{"id":"lhPDmtUQAHt"},{"id":"R6hOLJ3vBJm"},{"id":"LGi6rLqmHjy"},{"id":"Pm3pQozf5OR"},{"id":"YmXxnV3bsx7"},{"id":"gbHw4kvSAlj"},{"id":"H20WiE96X0M"},{"id":"nloQnWqifPh"},{"id":"Qia9P1QOQIX"},{"id":"j8nPTNeck0l"},{"id":"QY7DqYFFBXV"},{"id":"qBTvvbs2kTI"},{"id":"H1jbVrh3XcN"},{"id":"tmtodZafHvy"},{"id":"RLOpnEKstmI"},{"id":"J2xa1ihEOEv"},{"id":"IFlo0YuEzlj"},{"id":"eRMVhrPjcfK"},{"id":"fhwHgoflKlq"},{"id":"xfrYLJkNrwA"},{"id":"A3yvCCBRXCU"},{"id":"c7gFsIRl7Md"},{"id":"LWxKjwGJPyt"},{"id":"NVUHwHb0BDN"},{"id":"o8vqqAr2yVZ"},{"id":"SKMVQoWQKdf"},{"id":"OfnMVS85zN1"},{"id":"DDlnFgWl1A3"},{"id":"OdwVfAptAJY"},{"id":"Xjb7SRD2yTb"},{"id":"rZ6GJ9uFnF0"},{"id":"sk4au9ZrimX"},{"id":"DcSHHJacHoE"},{"id":"KhYoRInrCVm"},{"id":"cfm9SvEktDZ"},{"id":"ulRE1kaimma"},{"id":"jppwKEW2Kat"},{"id":"GlyDzwQKUFB"},{"id":"oUiwOZ3tq3d"},{"id":"SWc0UZ4CcS5"},{"id":"iY2eh8OzdrB"},{"id":"dR5ONFPKDf4"},{"id":"ykW3r9F7wq4"},{"id":"ccGU9HqpUsF"},{"id":"O9EMTTrCB7S"},{"id":"GvETDr3mzWN"},{"id":"nkWWkPP3QPb"},{"id":"wdGRKMmOy2S"},{"id":"upayQEImNOw"},{"id":"usvGDIQWjMQ"},{"id":"MJ8X9KxTk7R"},{"id":"stDMecadsUI"},{"id":"skbpnTXPLkx"},{"id":"L3LKWBIf2vj"},{"id":"Sg4AMaOWQNG"},{"id":"mcHnoVLv788"},{"id":"Pv8ZUJYqOGb"},{"id":"wlq71N9E42s"},{"id":"JoikIP83MOa"},{"id":"N2G4YiTUSOg"},{"id":"U519w9wNVh0"},{"id":"UaQEGxq0VY0"},{"id":"Cq4FXosHfwT"},{"id":"fVO3oZJ7z8j"},{"id":"QKQY6wyzXGP"},{"id":"DphwGPxhCHd"},{"id":"awQa9HTuUbO"},{"id":"TcotxCvoHs9"},{"id":"yCnk7xVXIgl"},{"id":"MhTqfcN9iTX"},{"id":"chzDd80Ns0l"},{"id":"vp4JNxhlECi"},{"id":"LE5GdvhGg1Y"},{"id":"nhzmBp59HyN"},{"id":"L9BEzPO1Kqa"},{"id":"iuc90OLNP0L"},{"id":"SKZgm0H5FZN"},{"id":"eEPK92GS4md"},{"id":"EzBKX82gUwu"},{"id":"cD7YtzTz2Iu"},{"id":"dYBKt1M5wVa"},{"id":"q7jKNu7R5N2"},{"id":"oKT4qoNtBTV"},{"id":"iOXDUlKLtFf"},{"id":"j6CJONECJ1R"},{"id":"a08DopcHyfl"},{"id":"lErJokWg1HI"},{"id":"FwBKIbjivpy"},{"id":"ZysimYzuf2B"},{"id":"z4Uj99ag6vY"},{"id":"uisOoif1htJ"},{"id":"d93RtGT5iaA"},{"id":"hmN2GLFTKlD"},{"id":"mtOGwZvadXv"},{"id":"SPufJeuiEvX"},{"id":"TOj9XWbFqBY"},{"id":"JTSJBtspOIY"},{"id":"D9zqyvmosMq"},{"id":"HZnjRcl6iSA"},{"id":"WsqJNJuUEZi"},{"id":"AguWomKmBEV"},{"id":"Nghr3Gt5Zfd"},{"id":"FM1INGH5unx"},{"id":"YNyzKU1zhWW"},{"id":"QAVdY6u4gGz"},{"id":"sT3fhiYaiiw"},{"id":"PGpOslKnG3b"},{"id":"YHKU5q97DgK"},{"id":"eUaqOporjC0"},{"id":"DdFbLYYgX5z"}]},{"code":"MMINITSPUT","created":"2020-03-15T22:35:10.199","lastUpdated":"2020-03-17T21:30:55.668","name":"MM TB INITSPUT","id":"hm4G75L0QP2","publicAccess":"--------","version":0,"valueType":"TEXT","lastUpdatedBy":{"id":"ahghJySjYTf"},"user":{"id":"ahghJySjYTf"},"userGroupAccesses":[{"access":"rw------","userGroupUid":"kqXPY4IfZnX","displayName":"PSI-MM-Admin","id":"kqXPY4IfZnX"},{"access":"rw------","userGroupUid":"KVaS3uZHxWC","displayName":"PSI-MM-Demo","id":"KVaS3uZHxWC"}],"attributeValues":[],"translations":[],"userAccesses":[],"options":[{"id":"Zk3ZPJwkOEF"},{"id":"poHHaXc1XoR"},{"id":"vz6h3s41xpl"}]},{"code":"MMREGIMEN","created":"2020-03-15T22:35:10.199","lastUpdated":"2020-03-17T21:31:06.889","name":"MM TB REGIMEN","id":"hx0i8zRjsFl","publicAccess":"--------","version":0,"valueType":"TEXT","lastUpdatedBy":{"id":"ahghJySjYTf"},"user":{"id":"ahghJySjYTf"},"userGroupAccesses":[{"access":"rw------","userGroupUid":"kqXPY4IfZnX","displayName":"PSI-MM-Admin","id":"kqXPY4IfZnX"},{"access":"rw------","userGroupUid":"KVaS3uZHxWC","displayName":"PSI-MM-Demo","id":"KVaS3uZHxWC"}],"attributeValues":[],"translations":[],"userAccesses":[],"options":[{"id":"kQ87dleCXSy"},{"id":"Xq9kAVcsUn6"},{"id":"E0h1hOpv5bG"}]},{"code":"MMXRAY","created":"2020-03-15T22:35:10.199","lastUpdated":"2020-03-17T21:31:12.924","name":"MM TB XRAY","id":"HrRH3EyUh5t","publicAccess":"--------","version":0,"valueType":"TEXT","lastUpdatedBy":{"id":"ahghJySjYTf"},"user":{"id":"ahghJySjYTf"},"userGroupAccesses":[{"access":"rw------","userGroupUid":"kqXPY4IfZnX","displayName":"PSI-MM-Admin","id":"kqXPY4IfZnX"},{"access":"rw------","userGroupUid":"KVaS3uZHxWC","displayName":"PSI-MM-Demo","id":"KVaS3uZHxWC"}],"attributeValues":[],"translations":[],"userAccesses":[],"options":[{"id":"E6W3kbyzRaz"},{"id":"ejBRy0p1o3e"}]},{"code":"Test_done","created":"2019-02-27T23:46:21.063","lastUpdated":"2020-04-06T00:12:57.247","name":"MM TestDone","id":"uR4tJfjkZBQ","publicAccess":"--------","version":12,"valueType":"TEXT","lastUpdatedBy":{"id":"ahghJySjYTf"},"user":{"id":"ahghJySjYTf"},"userGroupAccesses":[{"access":"rw------","userGroupUid":"KVaS3uZHxWC","displayName":"PSI-MM-Demo","id":"KVaS3uZHxWC"},{"access":"rw------","userGroupUid":"kqXPY4IfZnX","displayName":"PSI-MM-Admin","id":"kqXPY4IfZnX"}],"attributeValues":[],"translations":[],"userAccesses":[],"options":[{"id":"ehoJnTzlksE"},{"id":"l17aqqdlWnX"},{"id":"cPo8l4iBr1I"}]}]}