{"system":{"id":"clone.psi-mis.org","rev":"17d427e","version":"2.25","date":"2018-10-04T07:36:13.742"},"trackedEntityAttributeGroups":[{"lastUpdated":"2018-04-10T13:03:31.383","created":"2018-02-06T10:35:13.041","name":"CI SSD Nom agent de vente ","id":"IjSyoZt4DJN","translations":[],"trackedEntityAttributes":[{"id":"pFxa6xQkAwA"},{"id":"TpcdpNmHOIi"},{"id":"NJVAuDMnI78"},{"id":"JQgk4P2PFLT"},{"id":"jx0z0S5xEa9"},{"id":"kaofaN3q3MI"},{"id":"w5xNsHStHSi"},{"id":"rcnqFGY1SkC"},{"id":"TWv0VNRZrtT"},{"id":"aT0we4En2c2"}]},{"lastUpdated":"2017-06-27T13:27:28.587","code":"LSHTC_ARTClosure_G1","created":"2017-05-25T01:08:13.714","name":"LS ART - Closure","id":"o9EOrVAzO7m","translations":[],"trackedEntityAttributes":[{"id":"t6JNCifEt8r"},{"id":"LCLiPzJWVAb"},{"id":"Ra1Deyvyrbm"},{"id":"LnXn5fK0b5b"},{"id":"Mgxk7anSX8g"}]},{"lastUpdated":"2018-10-04T07:35:38.178","code":"LSHTC_ART_G1","created":"2017-05-24T02:31:54.589","name":"LS ART - Referral status","id":"Sv7bcUW3MdN","translations":[],"trackedEntityAttributes":[{"id":"mYdfuRItatP"},{"id":"tmx7xkwsxPC"}]},{"lastUpdated":"2018-10-04T07:30:20.015","code":"LSHTC_EVENT","created":"2018-10-04T05:36:55.980","name":"LS EVENT - Details","id":"dO3lKCiPmVx","translations":[],"trackedEntityAttributes":[{"id":"PoTcUsGrIbS"},{"id":"AcpKX4a2iAx"},{"id":"hkf4GS79Sul"},{"id":"Y1pdU5TSGrB"},{"id":"JAMoB6GnGyw"}]},{"lastUpdated":"2017-06-29T07:07:34.032","code":"LSHTC_Register_G1","created":"2017-02-15T08:24:04.947","name":"LS HTC 1 - Personal Details & CUIC","id":"KgeLi7PFYxe","translations":[],"trackedEntityAttributes":[{"id":"rw3W9pDCPb2"},{"id":"BvsJfkddTgZ"},{"id":"u57uh7lHwF8"},{"id":"R9Lw1uNtRuj"},{"id":"TBt2a4Bq0Lx"},{"id":"vTPYC9BXPNn"},{"id":"CCVO6BZMrnp"}]},{"lastUpdated":"2017-06-27T13:27:28.587","code":"LSHTC_Register_G2","created":"2017-02-15T08:25:50.729","name":"LS HTC 2 - Client Information","id":"KSUA01he1s0","translations":[],"trackedEntityAttributes":[{"id":"Y35TizULMzg"},{"id":"kdzfhXK71re"},{"id":"Fty7JMtC7mX"},{"id":"vD0qayOxs64"},{"id":"tzZCy78mWEG"},{"id":"gYiUqfKwktq"},{"id":"kpMMzIM3t5I"},{"id":"fa7lRYdWJfl"}]},{"lastUpdated":"2017-06-27T13:27:28.587","code":"LSHTC_Register_G3","created":"2017-03-09T23:50:19.215","name":"LS HTC 3 - Previous Testing","id":"pXssvSxHOxe","translations":[],"trackedEntityAttributes":[{"id":"PWy9kmp4Pmb"},{"id":"XTWSNIlxkEj"},{"id":"PyfoYtwNGrI"}]},{"lastUpdated":"2018-10-04T05:19:24.348","code":"LSHTC_LOG_G1","created":"2017-05-08T11:34:57.378","name":"LS LOG 1 - Contact Details","id":"TTTT4Ll5TdV","translations":[],"trackedEntityAttributes":[{"id":"ZQiKIaeOKv4"},{"id":"Rl2hRelrfur"},{"id":"z78Y1qdewNQ"},{"id":"gY1FrhX5UTn"},{"id":"gn35714pj4p"},{"id":"qynN2cqRe71"},{"id":"NLNTtpbT3c5"},{"id":"jQilj6Wjweq"},{"id":"Wea8fAtYVwx"},{"id":"i1NpXcIwfes"}]},{"lastUpdated":"2017-06-27T13:27:28.587","code":"LSHTC_LOG_G2","created":"2017-05-08T11:40:36.197","name":"LS LOG 2 - Next of Kin","id":"CqBvWGKEKLP","translations":[],"trackedEntityAttributes":[{"id":"VRUFmF5tE7b"},{"id":"Kn6E1pGJzFR"},{"id":"HtQU1Bfhc9m"},{"id":"zZRKJdqskbC"}]},{"lastUpdated":"2015-08-03T13:52:02.881","created":"2015-07-30T06:55:50.258","name":"MW Client Information","id":"Gk0PsWndMKJ","description":"MW VMMC Client Information","translations":[],"trackedEntityAttributes":[{"id":"r3o3WEFwWnx"},{"id":"jlEMy91EIYe"},{"id":"JM9qqwDihBV"},{"id":"UcWN6J9RBnF"}]},{"lastUpdated":"2015-07-30T06:59:56.448","created":"2015-07-30T06:56:56.551","name":"MW Next of kin Information","id":"eMdroQeRRXK","description":"MW Next of kin Information (VMMC)","translations":[],"trackedEntityAttributes":[{"id":"XAGUUpcZ0Wn"},{"id":"lEErC1UIC1V"},{"id":"d0YQN1SH5Hv"}]}]}